timestamp,label,tally,curve_state,curve_spread,dollar_state,dollar_last,dollar_avg,vol_state,vix,vix3m,vol_diff,credit_state,hy_spread,hy_avg,rotation_state,def_5d_pct,oth_5d_pct,rotation_diff_pct,breadth_state,rsp_spy,breadth_avg,sentiment_state,fng_score
2026-06-12T03:32:51.800Z,risk-off,4-3,normal,0.4,above 20d avg,99.8,99.42,contango,19.44,21.42,-1.98,above 20-obs avg,2.8,2.76,defensives leading,1.3,-0.8,2.1,above 20d avg,0.2843,0.2775,fear,30
2026-06-12T12:17:43.745Z,risk-off,4-3,normal,0.4,above 20d avg,99.8,99.42,contango,18.88,21.42,-2.54,above 20-obs avg,2.8,2.76,defensives leading,1.3,-0.8,2.1,above 20d avg,0.2843,0.2775,fear,31
2026-06-12T12:30:20.894Z,risk-off,4-3,normal,0.4,above 20d avg,99.81,99.42,contango,19.03,21.42,-2.39,above 20-obs avg,2.8,2.76,defensives leading,1.3,-0.8,2.1,above 20d avg,0.2843,0.2775,fear,31
2026-06-12T12:32:47.726Z,risk-off,4-3,normal,0.4,above 20d avg,99.82,99.42,contango,19.06,21.42,-2.36,above 20-obs avg,2.8,2.76,defensives leading,1.3,-0.8,2.1,above 20d avg,0.2843,0.2775,fear,31
2026-06-12T12:45:20.628Z,risk-off,4-3,normal,0.4,above 20d avg,99.84,99.43,contango,19.18,21.42,-2.24,above 20-obs avg,2.8,2.76,defensives leading,1.3,-0.8,2.1,above 20d avg,0.2843,0.2775,fear,31
2026-06-12T12:47:43.567Z,risk-off,4-3,normal,0.4,above 20d avg,99.85,99.43,contango,19.18,21.42,-2.24,above 20-obs avg,2.8,2.76,defensives leading,1.3,-0.8,2.1,above 20d avg,0.2843,0.2775,fear,31
2026-06-12T13:00:25.109Z,risk-off,4-3,normal,0.4,above 20d avg,99.85,99.43,contango,19.42,21.42,-2,above 20-obs avg,2.8,2.76,defensives leading,1.3,-0.8,2.1,above 20d avg,0.2843,0.2775,fear,31
2026-06-12T13:02:43.564Z,risk-off,4-3,normal,0.4,above 20d avg,99.85,99.43,contango,19.42,21.42,-2,above 20-obs avg,2.8,2.76,defensives leading,1.3,-0.8,2.1,above 20d avg,0.2843,0.2775,fear,31
2026-06-12T13:15:22.244Z,risk-off,4-3,normal,0.4,above 20d avg,99.81,99.42,contango,19.46,21.42,-1.96,above 20-obs avg,2.8,2.76,defensives leading,1.3,-0.8,2.1,above 20d avg,0.2843,0.2775,fear,31
2026-06-12T13:17:48.898Z,risk-off,4-3,normal,0.4,above 20d avg,99.81,99.42,contango,19.59,21.42,-1.83,above 20-obs avg,2.8,2.76,defensives leading,1.3,-0.8,2.1,above 20d avg,0.2843,0.2775,fear,31
2026-06-12T13:30:20.804Z,risk-on,4-3,normal,0.4,above 20d avg,99.77,99.42,contango,19.33,21.42,-2.09,above 20-obs avg,2.8,2.76,cyclicals leading,1.2,1.2,0,above 20d avg,0.285,0.2782,fear,31
2026-06-12T13:32:44.849Z,risk-on,4-3,normal,0.4,above 20d avg,99.76,99.42,contango,19.32,21.42,-2.1,above 20-obs avg,2.8,2.76,cyclicals leading,1,1.3,-0.2,above 20d avg,0.285,0.2782,fear,31
2026-06-12T13:45:26.309Z,risk-on,4-3,normal,0.4,above 20d avg,99.75,99.42,contango,19.26,21.42,-2.16,above 20-obs avg,2.8,2.76,cyclicals leading,0.6,0.8,-0.2,above 20d avg,0.2852,0.2782,fear,31
2026-06-12T13:47:43.478Z,risk-on,4-3,normal,0.4,above 20d avg,99.76,99.42,contango,19.21,21.36,-2.15,above 20-obs avg,2.8,2.76,cyclicals leading,0.3,0.7,-0.4,above 20d avg,0.285,0.2782,fear,31
2026-06-12T14:00:20.896Z,risk-on,4-3,normal,0.4,above 20d avg,99.8,99.42,contango,19.71,21.57,-1.86,above 20-obs avg,2.8,2.76,cyclicals leading,0.6,1,-0.5,above 20d avg,0.2853,0.2782,fear,31
2026-06-12T14:02:49.181Z,risk-on,4-3,normal,0.4,above 20d avg,99.79,99.42,contango,19.64,21.57,-1.93,above 20-obs avg,2.8,2.76,cyclicals leading,0.6,1.1,-0.5,above 20d avg,0.2854,0.2782,fear,31
2026-06-12T14:15:21.909Z,risk-on,4-3,normal,0.4,above 20d avg,99.75,99.42,contango,19.28,21.42,-2.14,above 20-obs avg,2.8,2.76,cyclicals leading,0.4,1.1,-0.7,above 20d avg,0.285,0.2782,fear,32
2026-06-12T14:17:43.610Z,risk-on,4-3,normal,0.4,above 20d avg,99.74,99.42,contango,19.08,21.31,-2.23,above 20-obs avg,2.8,2.76,cyclicals leading,0.4,1.2,-0.8,above 20d avg,0.285,0.2782,fear,32
2026-06-12T14:30:24.240Z,risk-on,4-3,normal,0.4,above 20d avg,99.8,99.42,contango,18.97,21.18,-2.21,above 20-obs avg,2.8,2.76,cyclicals leading,0.5,1.3,-0.8,above 20d avg,0.2853,0.2782,fear,34
2026-06-12T14:32:44.295Z,risk-on,4-3,normal,0.4,above 20d avg,99.82,99.42,contango,18.74,21.03,-2.29,above 20-obs avg,2.8,2.76,cyclicals leading,0.4,1.2,-0.9,above 20d avg,0.2853,0.2782,fear,34
2026-06-15T13:39:51.154Z,risk-on,4-3,normal,0.39,above 20d avg,99.46,99.43,contango,16.28,20.51,-4.23,above 20-obs avg,2.78,2.76,cyclicals leading,2.1,3.4,-1.4,above 20d avg,0.2845,0.2788,fear,36
2026-06-15T13:45:21.485Z,risk-on,4-3,normal,0.39,above 20d avg,99.46,99.43,contango,16.28,20.51,-4.23,above 20-obs avg,2.78,2.76,cyclicals leading,2.1,3.4,-1.3,above 20d avg,0.2841,0.2788,fear,38
2026-06-15T13:59:31.968Z,risk-on,4-3,normal,0.39,above 20d avg,99.46,99.43,contango,16.34,19.68,-3.34,above 20-obs avg,2.78,2.76,cyclicals leading,2.1,3.4,-1.3,above 20d avg,0.2839,0.2788,fear,41
2026-06-15T14:00:20.934Z,risk-on,4-3,normal,0.39,above 20d avg,99.46,99.43,contango,16.34,19.67,-3.33,above 20-obs avg,2.78,2.76,cyclicals leading,2.2,3.4,-1.2,above 20d avg,0.284,0.2788,fear,41
2026-06-15T14:14:25.479Z,risk-on,4-3,normal,0.39,above 20d avg,99.47,99.43,contango,16.39,19.75,-3.36,above 20-obs avg,2.78,2.76,cyclicals leading,2.5,3.1,-0.6,above 20d avg,0.2835,0.2787,fear,41
2026-06-15T14:15:23.292Z,risk-on,4-3,normal,0.39,above 20d avg,99.47,99.43,contango,16.43,19.77,-3.34,above 20-obs avg,2.78,2.76,cyclicals leading,2.6,3.2,-0.6,above 20d avg,0.2834,0.2787,fear,41
2026-06-15T14:29:24.334Z,risk-on,4-3,normal,0.39,above 20d avg,99.49,99.43,contango,16.46,19.79,-3.33,above 20-obs avg,2.78,2.76,cyclicals leading,2.9,3.2,-0.3,above 20d avg,0.2833,0.2787,fear,40
2026-06-15T14:30:25.052Z,risk-on,4-3,normal,0.39,above 20d avg,99.49,99.43,contango,16.38,19.75,-3.37,above 20-obs avg,2.78,2.76,cyclicals leading,2.9,3.2,-0.3,above 20d avg,0.2832,0.2787,fear,40
2026-06-15T14:44:24.609Z,risk-on,4-3,normal,0.39,above 20d avg,99.51,99.43,contango,16.31,19.71,-3.4,above 20-obs avg,2.78,2.76,cyclicals leading,2.8,3,-0.2,above 20d avg,0.2833,0.2787,fear,40
2026-06-15T14:45:20.791Z,risk-on,4-3,normal,0.39,above 20d avg,99.52,99.43,contango,16.3,19.72,-3.42,above 20-obs avg,2.78,2.76,cyclicals leading,2.9,3.1,-0.2,above 20d avg,0.2833,0.2787,fear,40
2026-06-15T14:59:28.253Z,risk-on,5-2,normal,0.39,above 20d avg,99.5,99.43,contango,16.28,19.7,-3.42,below 20-obs avg,2.71,2.75,cyclicals leading,2.8,3.1,-0.3,above 20d avg,0.283,0.2787,fear,40
2026-06-15T15:00:20.876Z,risk-on,5-2,normal,0.39,above 20d avg,99.49,99.43,contango,16.25,19.68,-3.43,below 20-obs avg,2.71,2.75,cyclicals leading,2.8,3.1,-0.2,above 20d avg,0.2829,0.2787,fear,40
2026-06-15T15:15:24.611Z,risk-on,5-2,normal,0.39,above 20d avg,99.53,99.43,contango,16.24,19.62,-3.38,below 20-obs avg,2.71,2.75,cyclicals leading,2.7,3.1,-0.3,above 20d avg,0.2828,0.2787,fear,41
2026-06-15T15:29:24.615Z,risk-on,5-2,normal,0.39,above 20d avg,99.52,99.43,contango,16.25,19.62,-3.37,below 20-obs avg,2.71,2.75,cyclicals leading,2.7,3.1,-0.4,above 20d avg,0.2827,0.2787,fear,41
2026-06-15T15:30:26.418Z,risk-on,5-2,normal,0.39,above 20d avg,99.53,99.43,contango,16.27,19.62,-3.35,below 20-obs avg,2.71,2.75,cyclicals leading,2.7,3.1,-0.4,above 20d avg,0.2827,0.2787,fear,41
2026-06-15T15:44:25.561Z,risk-on,5-2,normal,0.39,above 20d avg,99.57,99.44,contango,16.34,19.63,-3.29,below 20-obs avg,2.71,2.75,cyclicals leading,2.7,3.2,-0.4,above 20d avg,0.2827,0.2787,fear,41
2026-06-15T15:45:20.760Z,risk-on,5-2,normal,0.39,above 20d avg,99.57,99.44,contango,16.36,19.64,-3.28,below 20-obs avg,2.71,2.75,cyclicals leading,2.7,3.1,-0.4,above 20d avg,0.2827,0.2787,fear,41
2026-06-15T15:59:30.389Z,risk-on,5-2,normal,0.39,above 20d avg,99.59,99.44,contango,16.35,19.65,-3.3,below 20-obs avg,2.71,2.75,cyclicals leading,2.7,3.2,-0.5,above 20d avg,0.2825,0.2787,fear,42
2026-06-15T16:00:20.908Z,risk-on,5-2,normal,0.39,above 20d avg,99.6,99.44,contango,16.35,19.66,-3.31,below 20-obs avg,2.71,2.75,cyclicals leading,2.7,3.2,-0.5,above 20d avg,0.2825,0.2787,fear,42
2026-06-15T16:14:25.599Z,risk-on,5-2,normal,0.39,above 20d avg,99.58,99.44,contango,16.31,19.62,-3.31,below 20-obs avg,2.71,2.75,cyclicals leading,2.8,3.2,-0.4,above 20d avg,0.2826,0.2787,fear,42
2026-06-15T16:24:33.346Z,risk-on,5-2,normal,0.39,above 20d avg,99.56,99.44,contango,16.3,19.66,-3.36,below 20-obs avg,2.71,2.75,cyclicals leading,2.8,3.3,-0.5,above 20d avg,0.2826,0.2787,fear,42
2026-06-15T16:29:24.582Z,risk-on,5-2,normal,0.39,above 20d avg,99.57,99.44,contango,16.32,19.68,-3.36,below 20-obs avg,2.71,2.75,cyclicals leading,2.8,3.3,-0.5,above 20d avg,0.2826,0.2787,fear,42
2026-06-15T16:30:21.615Z,risk-on,5-2,normal,0.39,above 20d avg,99.57,99.44,contango,16.31,19.68,-3.37,below 20-obs avg,2.71,2.75,cyclicals leading,2.8,3.3,-0.5,above 20d avg,0.2826,0.2787,fear,42
2026-06-15T16:44:29.227Z,risk-on,5-2,normal,0.39,above 20d avg,99.56,99.44,contango,16.14,19.56,-3.42,below 20-obs avg,2.71,2.75,cyclicals leading,3,3.1,-0.1,above 20d avg,0.2827,0.2787,fear,42
2026-06-15T16:45:21.835Z,risk-on,5-2,normal,0.39,above 20d avg,99.56,99.44,contango,16.12,19.55,-3.43,below 20-obs avg,2.71,2.75,cyclicals leading,3,3.1,-0.1,above 20d avg,0.2827,0.2787,fear,42
2026-06-15T16:59:24.467Z,risk-on,4-3,normal,0.39,above 20d avg,99.57,99.44,contango,16.04,19.5,-3.46,below 20-obs avg,2.71,2.75,defensives leading,3.2,3.1,0,above 20d avg,0.2826,0.2787,fear,42
2026-06-15T17:00:27.011Z,risk-on,4-3,normal,0.39,above 20d avg,99.58,99.44,contango,16.04,19.49,-3.45,below 20-obs avg,2.71,2.75,defensives leading,3.2,3.1,0.1,above 20d avg,0.2826,0.2787,fear,42
2026-06-15T17:14:25.159Z,risk-on,4-3,normal,0.39,above 20d avg,99.57,99.44,contango,16,19.42,-3.42,below 20-obs avg,2.71,2.75,defensives leading,3.2,3.1,0.1,above 20d avg,0.2826,0.2787,fear,42
2026-06-15T17:15:22.147Z,risk-on,4-3,normal,0.39,above 20d avg,99.57,99.44,contango,16,19.42,-3.42,below 20-obs avg,2.71,2.75,defensives leading,3.2,3.1,0.1,above 20d avg,0.2826,0.2787,fear,42
2026-06-15T17:29:29.261Z,risk-on,5-2,normal,0.39,above 20d avg,99.59,99.44,contango,16.07,19.45,-3.38,below 20-obs avg,2.71,2.75,cyclicals leading,3.1,3.2,-0.1,above 20d avg,0.2825,0.2787,fear,42
2026-06-15T17:30:20.853Z,risk-on,5-2,normal,0.39,above 20d avg,99.59,99.44,contango,16.09,19.45,-3.36,below 20-obs avg,2.71,2.75,cyclicals leading,3.1,3.2,-0.1,above 20d avg,0.2826,0.2787,fear,42
2026-06-15T17:44:25.933Z,risk-on,5-2,normal,0.39,above 20d avg,99.59,99.44,contango,16.08,19.43,-3.35,below 20-obs avg,2.71,2.75,cyclicals leading,3,3.2,-0.2,above 20d avg,0.2825,0.2787,fear,42
2026-06-15T17:45:26.257Z,risk-on,5-2,normal,0.39,above 20d avg,99.59,99.44,contango,16.09,19.44,-3.35,below 20-obs avg,2.71,2.75,cyclicals leading,3,3.2,-0.2,above 20d avg,0.2825,0.2787,fear,42
2026-06-15T17:59:24.543Z,risk-on,5-2,normal,0.39,above 20d avg,99.58,99.44,contango,16.14,19.47,-3.33,below 20-obs avg,2.71,2.75,cyclicals leading,3,3.1,-0.2,above 20d avg,0.2825,0.2787,fear,42
2026-06-15T18:00:22.690Z,risk-on,5-2,normal,0.39,above 20d avg,99.58,99.44,contango,16.14,19.47,-3.33,below 20-obs avg,2.71,2.75,cyclicals leading,3,3.1,-0.1,above 20d avg,0.2824,0.2787,fear,42
2026-06-15T18:14:29.180Z,risk-on,5-2,normal,0.39,above 20d avg,99.58,99.44,contango,16.23,19.52,-3.29,below 20-obs avg,2.71,2.75,cyclicals leading,3,3.1,-0.1,above 20d avg,0.2824,0.2787,fear,42
2026-06-15T18:29:31.015Z,risk-on,5-2,normal,0.39,above 20d avg,99.58,99.44,contango,16.24,19.51,-3.27,below 20-obs avg,2.71,2.75,cyclicals leading,2.9,3,-0.1,above 20d avg,0.2825,0.2787,fear,41
2026-06-15T18:44:24.877Z,risk-on,5-2,normal,0.39,above 20d avg,99.61,99.44,contango,16.23,19.5,-3.27,below 20-obs avg,2.71,2.75,cyclicals leading,2.9,3,-0.1,above 20d avg,0.2823,0.2787,fear,41
2026-06-15T18:45:27.833Z,risk-on,5-2,normal,0.39,above 20d avg,99.61,99.44,contango,16.23,19.51,-3.28,below 20-obs avg,2.71,2.75,cyclicals leading,2.9,3,-0.1,above 20d avg,0.2823,0.2787,fear,41
2026-06-15T18:59:24.655Z,risk-on,5-2,normal,0.39,above 20d avg,99.61,99.44,contango,16.18,19.48,-3.3,below 20-obs avg,2.71,2.75,cyclicals leading,2.8,3,-0.1,above 20d avg,0.2822,0.2787,fear,41
2026-06-15T19:00:21.333Z,risk-on,5-2,normal,0.39,above 20d avg,99.61,99.44,contango,16.15,19.47,-3.32,below 20-obs avg,2.71,2.75,cyclicals leading,2.9,3,-0.1,above 20d avg,0.2822,0.2787,fear,41
2026-06-15T19:14:29.063Z,risk-on,5-2,normal,0.39,above 20d avg,99.66,99.44,contango,16.12,19.46,-3.34,below 20-obs avg,2.71,2.75,cyclicals leading,3,3,-0.1,above 20d avg,0.2823,0.2787,fear,41
2026-06-15T19:15:21.130Z,risk-on,5-2,normal,0.39,above 20d avg,99.66,99.44,contango,16.12,19.47,-3.35,below 20-obs avg,2.71,2.75,cyclicals leading,3,3,-0.1,above 20d avg,0.2823,0.2787,fear,41
2026-06-15T19:29:25.720Z,risk-on,5-2,normal,0.39,above 20d avg,99.64,99.44,contango,16.12,19.43,-3.31,below 20-obs avg,2.71,2.75,cyclicals leading,2.9,3,0,above 20d avg,0.2824,0.2787,fear,41
2026-06-15T19:30:25.716Z,risk-on,4-3,normal,0.39,above 20d avg,99.64,99.44,contango,16.12,19.43,-3.31,below 20-obs avg,2.71,2.75,defensives leading,2.9,2.9,0,above 20d avg,0.2824,0.2787,fear,41
2026-06-15T19:44:24.968Z,risk-on,5-2,normal,0.39,above 20d avg,99.64,99.44,contango,16.11,19.42,-3.31,below 20-obs avg,2.71,2.75,cyclicals leading,2.9,2.9,0,above 20d avg,0.2824,0.2787,fear,41
2026-06-15T19:45:21.638Z,risk-on,5-2,normal,0.39,above 20d avg,99.64,99.44,contango,16.14,19.44,-3.3,below 20-obs avg,2.71,2.75,cyclicals leading,2.8,2.9,-0.1,above 20d avg,0.2823,0.2787,fear,41
2026-06-15T19:59:29.831Z,risk-on,4-3,normal,0.4,above 20d avg,99.64,99.44,contango,16.08,19.38,-3.3,below 20-obs avg,2.71,2.75,defensives leading,2.8,2.7,0,above 20d avg,0.2821,0.2787,fear,41
2026-06-15T20:00:21.156Z,risk-on,4-3,normal,0.4,above 20d avg,99.64,99.44,contango,16.09,19.38,-3.29,below 20-obs avg,2.71,2.75,defensives leading,2.8,2.8,0,above 20d avg,0.2822,0.2787,fear,41
2026-06-15T20:14:25.047Z,risk-on,5-2,normal,0.4,above 20d avg,99.7,99.44,contango,16.1,19.35,-3.25,below 20-obs avg,2.71,2.75,cyclicals leading,2.8,2.8,0,above 20d avg,0.2821,0.2787,fear,41
2026-06-15T20:15:27.767Z,risk-on,5-2,normal,0.4,above 20d avg,99.69,99.44,contango,16,19.31,-3.31,below 20-obs avg,2.71,2.75,cyclicals leading,2.8,2.8,0,above 20d avg,0.282,0.2787,fear,41
2026-06-15T20:29:24.541Z,risk-on,5-2,normal,0.4,above 20d avg,99.68,99.44,contango,16.18,19.36,-3.18,below 20-obs avg,2.71,2.75,cyclicals leading,2.8,2.8,0,above 20d avg,0.282,0.2787,fear,41
2026-06-15T20:30:21.914Z,risk-on,5-2,normal,0.4,above 20d avg,99.69,99.44,contango,16.2,19.36,-3.16,below 20-obs avg,2.71,2.75,cyclicals leading,2.8,2.8,0,above 20d avg,0.282,0.2787,fear,41
2026-06-15T20:44:26.100Z,risk-on,5-2,normal,0.4,above 20d avg,99.69,99.44,contango,16.2,19.36,-3.16,below 20-obs avg,2.71,2.75,cyclicals leading,2.8,2.8,0,above 20d avg,0.282,0.2787,fear,41
2026-06-15T20:45:27.410Z,risk-on,5-2,normal,0.4,above 20d avg,99.68,99.44,contango,16.2,19.36,-3.16,below 20-obs avg,2.71,2.75,cyclicals leading,2.8,2.8,0,above 20d avg,0.282,0.2787,fear,41
2026-06-15T20:59:27.374Z,risk-on,5-2,normal,0.4,above 20d avg,99.69,99.44,contango,16.2,19.36,-3.16,below 20-obs avg,2.71,2.75,cyclicals leading,2.8,2.8,0,above 20d avg,0.282,0.2787,fear,41
2026-06-15T21:00:21.289Z,risk-on,5-2,normal,0.4,above 20d avg,99.69,99.44,contango,16.2,19.36,-3.16,below 20-obs avg,2.71,2.75,cyclicals leading,2.8,2.8,0,above 20d avg,0.282,0.2787,fear,41
2026-06-15T21:14:26.370Z,risk-on,5-2,normal,0.4,above 20d avg,99.65,99.44,contango,16.2,19.36,-3.16,below 20-obs avg,2.71,2.75,cyclicals leading,2.8,2.8,0,above 20d avg,0.282,0.2787,fear,41
2026-06-15T21:15:25.650Z,risk-on,5-2,normal,0.4,above 20d avg,99.65,99.44,contango,16.2,19.36,-3.16,below 20-obs avg,2.71,2.75,cyclicals leading,2.8,2.8,0,above 20d avg,0.282,0.2787,fear,41
2026-06-16T13:00:20.564Z,risk-on,5-2,normal,0.4,above 20d avg,99.65,99.44,contango,16.13,20.51,-4.38,below 20-obs avg,2.71,2.75,cyclicals leading,0.5,1.8,-1.2,above 20d avg,0.2853,0.2782,fear,41
2026-06-16T13:06:59.054Z,risk-on,5-2,normal,0.4,above 20d avg,99.63,99.44,contango,16.08,20.51,-4.43,below 20-obs avg,2.71,2.75,cyclicals leading,0.5,1.8,-1.2,above 20d avg,0.2853,0.2782,fear,41
2026-06-16T13:15:23.330Z,risk-on,5-2,normal,0.4,above 20d avg,99.63,99.44,contango,16.09,20.51,-4.42,below 20-obs avg,2.71,2.75,cyclicals leading,0.5,1.8,-1.2,above 20d avg,0.2853,0.2782,fear,41
2026-06-16T13:21:54.798Z,risk-on,5-2,normal,0.4,above 20d avg,99.62,99.44,contango,16.11,20.51,-4.4,below 20-obs avg,2.71,2.75,cyclicals leading,0.5,1.8,-1.2,above 20d avg,0.2853,0.2782,fear,41
2026-06-16T13:30:25.549Z,risk-on,5-2,normal,0.4,above 20d avg,99.64,99.44,contango,16.12,20.51,-4.39,below 20-obs avg,2.66,2.74,cyclicals leading,3,3.1,-0.1,above 20d avg,0.2831,0.2787,fear,41
2026-06-16T13:36:56.551Z,risk-on,4-3,normal,0.4,above 20d avg,99.66,99.44,contango,16.08,20.51,-4.43,below 20-obs avg,2.66,2.74,defensives leading,3.3,3.3,0,above 20d avg,0.2837,0.2787,fear,42
2026-06-16T13:45:28.100Z,risk-on,5-2,normal,0.4,above 20d avg,99.61,99.44,contango,16.08,20.51,-4.43,below 20-obs avg,2.66,2.74,cyclicals leading,2.9,3.5,-0.6,above 20d avg,0.2835,0.2787,fear,42
2026-06-16T13:51:55.350Z,risk-on,5-2,normal,0.4,above 20d avg,99.61,99.44,contango,16.01,19.35,-3.34,below 20-obs avg,2.66,2.74,cyclicals leading,2.5,3.5,-1,above 20d avg,0.2831,0.2787,fear,43
2026-06-16T14:00:22.390Z,risk-on,5-2,normal,0.4,above 20d avg,99.64,99.44,contango,16.02,19.36,-3.34,below 20-obs avg,2.66,2.74,cyclicals leading,2.8,3.3,-0.5,above 20d avg,0.2837,0.2787,fear,44
2026-06-16T14:07:05.548Z,risk-on,5-2,normal,0.4,above 20d avg,99.66,99.44,contango,15.89,19.28,-3.39,below 20-obs avg,2.66,2.74,cyclicals leading,3.2,3.3,-0.2,above 20d avg,0.2832,0.2787,fear,44
2026-06-16T14:21:55.107Z,risk-on,4-3,normal,0.4,above 20d avg,99.64,99.44,contango,15.89,19.29,-3.4,below 20-obs avg,2.66,2.74,defensives leading,3.5,3.1,0.4,above 20d avg,0.2831,0.2787,fear,42
2026-06-16T14:30:25.987Z,risk-on,4-3,normal,0.4,above 20d avg,99.65,99.44,contango,15.78,19.24,-3.46,below 20-obs avg,2.66,2.74,defensives leading,3.7,2.9,0.8,above 20d avg,0.2832,0.2787,fear,42
2026-06-16T14:36:56.318Z,risk-on,4-3,normal,0.4,above 20d avg,99.64,99.44,contango,15.93,19.33,-3.4,below 20-obs avg,2.66,2.74,defensives leading,3.5,2.9,0.7,above 20d avg,0.2833,0.2787,fear,41
2026-06-16T14:45:21.737Z,risk-on,4-3,normal,0.4,above 20d avg,99.68,99.44,contango,16.13,19.44,-3.31,below 20-obs avg,2.66,2.74,defensives leading,3.3,3,0.3,above 20d avg,0.2831,0.2787,fear,41
2026-06-16T14:52:03.910Z,risk-on,4-3,normal,0.4,above 20d avg,99.65,99.44,contango,16.07,19.43,-3.36,below 20-obs avg,2.66,2.74,defensives leading,3.2,3,0.2,above 20d avg,0.2828,0.2787,fear,41
2026-06-16T15:00:21.239Z,risk-on,4-3,normal,0.4,above 20d avg,99.61,99.44,contango,16.01,19.38,-3.37,below 20-obs avg,2.66,2.74,defensives leading,3.3,2.9,0.4,above 20d avg,0.2827,0.2787,fear,41
2026-06-16T15:06:56.262Z,risk-on,5-2,normal,0.4,above 20d avg,99.56,99.44,contango,15.89,19.33,-3.44,below 20-obs avg,2.66,2.74,cyclicals leading,3,3.1,-0.1,above 20d avg,0.2825,0.2787,fear,41
2026-06-16T15:15:28.555Z,risk-on,4-3,normal,0.4,above 20d avg,99.58,99.44,contango,15.94,19.34,-3.4,below 20-obs avg,2.66,2.74,defensives leading,3,3,0,above 20d avg,0.2825,0.2787,fear,41
2026-06-16T15:21:58.044Z,risk-on,4-3,normal,0.4,above 20d avg,99.6,99.44,contango,15.89,19.31,-3.42,below 20-obs avg,2.66,2.74,defensives leading,3.1,2.8,0.3,above 20d avg,0.2827,0.2787,fear,41
2026-06-16T15:30:23.555Z,risk-on,4-3,normal,0.4,above 20d avg,99.59,99.44,contango,15.83,19.31,-3.48,below 20-obs avg,2.66,2.74,defensives leading,3.3,2.7,0.6,above 20d avg,0.2827,0.2787,fear,41
2026-06-16T15:37:04.862Z,risk-on,4-3,normal,0.4,above 20d avg,99.58,99.44,contango,15.91,19.35,-3.44,below 20-obs avg,2.66,2.74,defensives leading,3.4,2.7,0.7,above 20d avg,0.2828,0.2787,fear,40
2026-06-16T15:45:21.219Z,risk-on,4-3,normal,0.4,above 20d avg,99.55,99.44,contango,15.95,19.36,-3.41,below 20-obs avg,2.66,2.74,defensives leading,3.5,2.5,1,above 20d avg,0.2829,0.2787,fear,40
2026-06-16T15:51:56.394Z,risk-on,4-3,normal,0.4,above 20d avg,99.57,99.44,contango,15.89,19.33,-3.44,below 20-obs avg,2.66,2.74,defensives leading,3.6,2.5,1.1,above 20d avg,0.2829,0.2787,fear,40
2026-06-16T16:00:28.384Z,risk-on,4-3,normal,0.4,above 20d avg,99.57,99.44,contango,15.99,19.37,-3.38,below 20-obs avg,2.66,2.74,defensives leading,3.6,2.6,0.9,above 20d avg,0.2831,0.2787,fear,40
2026-06-16T16:06:57.103Z,risk-on,4-3,normal,0.4,above 20d avg,99.49,99.43,contango,16.05,19.43,-3.38,below 20-obs avg,2.66,2.74,defensives leading,3.5,2.7,0.7,above 20d avg,0.2831,0.2787,fear,40
2026-06-16T16:15:22.796Z,risk-on,4-3,normal,0.4,above 20d avg,99.51,99.43,contango,15.97,19.39,-3.42,below 20-obs avg,2.66,2.74,defensives leading,3.5,2.8,0.7,above 20d avg,0.283,0.2787,fear,40
2026-06-16T16:21:58.800Z,risk-on,4-3,normal,0.4,above 20d avg,99.49,99.43,contango,15.88,19.34,-3.46,below 20-obs avg,2.66,2.74,defensives leading,3.4,2.8,0.6,above 20d avg,0.2831,0.2787,fear,40
2026-06-16T16:30:29.568Z,risk-on,4-3,normal,0.4,above 20d avg,99.47,99.43,contango,15.85,19.33,-3.48,below 20-obs avg,2.66,2.74,defensives leading,3.3,2.7,0.7,above 20d avg,0.2833,0.2787,fear,40
2026-06-16T16:37:00.877Z,risk-on,4-3,normal,0.4,above 20d avg,99.47,99.43,contango,15.86,19.34,-3.48,below 20-obs avg,2.66,2.74,defensives leading,3.4,2.5,1,above 20d avg,0.2833,0.2787,fear,40
2026-06-16T16:45:21.886Z,risk-on,4-3,normal,0.4,above 20d avg,99.49,99.43,contango,15.89,19.35,-3.46,below 20-obs avg,2.66,2.74,defensives leading,3.3,2.6,0.8,above 20d avg,0.2833,0.2787,fear,40
2026-06-16T16:51:56.769Z,risk-on,4-3,normal,0.4,above 20d avg,99.5,99.43,contango,15.98,19.4,-3.42,below 20-obs avg,2.66,2.74,defensives leading,3.2,2.6,0.6,above 20d avg,0.2832,0.2787,fear,40
2026-06-16T17:00:27.502Z,risk-on,4-3,normal,0.4,above 20d avg,99.52,99.43,contango,15.9,19.34,-3.44,below 20-obs avg,2.66,2.74,defensives leading,3.2,2.6,0.6,above 20d avg,0.2834,0.2787,fear,40
2026-06-16T17:06:55.880Z,risk-on,4-3,normal,0.4,above 20d avg,99.5,99.43,contango,15.94,19.35,-3.41,below 20-obs avg,2.66,2.74,defensives leading,3.2,2.5,0.7,above 20d avg,0.2833,0.2787,fear,40
2026-06-16T17:15:22.375Z,risk-on,5-2,normal,0.4,above 20d avg,99.52,99.47,contango,15.98,19.37,-3.39,below 20-obs avg,2.66,2.74,cyclicals leading,1.9,2.8,-0.8,above 20d avg,0.2833,0.2791,fear,40
2026-06-16T17:22:00.744Z,risk-on,5-2,normal,0.4,above 20d avg,99.51,99.47,contango,16,19.37,-3.37,below 20-obs avg,2.66,2.74,cyclicals leading,1.8,2.7,-0.8,above 20d avg,0.2833,0.2791,fear,40
2026-06-16T17:30:22.375Z,risk-on,5-2,normal,0.4,above 20d avg,99.52,99.47,contango,15.9,19.32,-3.42,below 20-obs avg,2.66,2.74,cyclicals leading,1.8,2.7,-0.9,above 20d avg,0.2831,0.2791,fear,40
2026-06-16T17:37:00.419Z,risk-on,5-2,normal,0.4,above 20d avg,99.52,99.47,contango,15.94,19.35,-3.41,below 20-obs avg,2.66,2.74,cyclicals leading,1.8,2.7,-0.9,above 20d avg,0.2832,0.2791,fear,40
2026-06-16T17:45:23.876Z,risk-on,5-2,normal,0.4,above 20d avg,99.53,99.47,contango,15.91,19.33,-3.42,below 20-obs avg,2.66,2.74,cyclicals leading,1.9,2.7,-0.8,above 20d avg,0.2832,0.2791,fear,40
2026-06-16T17:51:55.854Z,risk-on,5-2,normal,0.4,above 20d avg,99.54,99.47,contango,15.9,19.32,-3.42,below 20-obs avg,2.66,2.74,cyclicals leading,1.8,2.7,-0.9,above 20d avg,0.2831,0.2791,fear,40
2026-06-16T18:00:27.700Z,risk-on,5-2,normal,0.4,above 20d avg,99.53,99.47,contango,15.87,19.32,-3.45,below 20-obs avg,2.66,2.74,cyclicals leading,1.8,2.7,-0.9,above 20d avg,0.2831,0.2791,fear,40
2026-06-16T18:06:58.560Z,risk-on,5-2,normal,0.4,above 20d avg,99.54,99.47,contango,15.86,19.31,-3.45,below 20-obs avg,2.66,2.74,cyclicals leading,1.7,2.6,-0.9,above 20d avg,0.283,0.2791,fear,40
2026-06-16T18:15:21.152Z,risk-on,5-2,normal,0.4,above 20d avg,99.53,99.47,contango,15.86,19.31,-3.45,below 20-obs avg,2.66,2.74,cyclicals leading,1.7,2.6,-0.9,above 20d avg,0.283,0.2791,fear,39
2026-06-16T18:21:59.766Z,risk-on,5-2,normal,0.4,above 20d avg,99.54,99.47,contango,15.9,19.33,-3.43,below 20-obs avg,2.66,2.74,cyclicals leading,1.7,2.7,-1,above 20d avg,0.283,0.2791,fear,40
2026-06-16T18:30:21.890Z,risk-on,5-2,normal,0.4,above 20d avg,99.54,99.47,contango,15.87,19.31,-3.44,below 20-obs avg,2.66,2.74,cyclicals leading,1.7,2.7,-1,above 20d avg,0.283,0.2791,fear,40
2026-06-16T18:36:56.576Z,risk-on,5-2,normal,0.4,above 20d avg,99.54,99.47,contango,15.85,19.31,-3.46,below 20-obs avg,2.66,2.74,cyclicals leading,1.7,2.7,-0.9,above 20d avg,0.283,0.2791,fear,40
2026-06-16T18:45:26.841Z,risk-on,5-2,normal,0.4,above 20d avg,99.55,99.47,contango,15.84,19.26,-3.42,below 20-obs avg,2.66,2.74,cyclicals leading,1.7,2.6,-0.9,above 20d avg,0.2829,0.2791,fear,40
2026-06-16T18:51:56.213Z,risk-on,5-2,normal,0.4,above 20d avg,99.56,99.47,contango,15.86,19.27,-3.41,below 20-obs avg,2.66,2.74,cyclicals leading,1.7,2.6,-1,above 20d avg,0.2829,0.2791,fear,40
2026-06-16T19:00:22.718Z,risk-on,5-2,normal,0.4,above 20d avg,99.57,99.47,contango,15.86,19.27,-3.41,below 20-obs avg,2.66,2.74,cyclicals leading,1.6,2.6,-0.9,above 20d avg,0.2829,0.2791,fear,40
2026-06-16T19:06:59.926Z,risk-on,5-2,normal,0.4,above 20d avg,99.54,99.47,contango,15.92,19.3,-3.38,below 20-obs avg,2.66,2.74,cyclicals leading,1.6,2.5,-1,above 20d avg,0.2828,0.2791,fear,40
2026-06-16T19:15:23.332Z,risk-on,5-2,normal,0.4,above 20d avg,99.51,99.47,contango,15.98,19.32,-3.34,below 20-obs avg,2.66,2.74,cyclicals leading,1.7,2.5,-0.9,above 20d avg,0.283,0.2791,fear,39
2026-06-16T19:21:56.485Z,risk-on,5-2,normal,0.4,above 20d avg,99.53,99.47,contango,16.03,19.35,-3.32,below 20-obs avg,2.66,2.74,cyclicals leading,1.6,2.6,-1,above 20d avg,0.2829,0.2791,fear,39
2026-06-16T19:30:28.547Z,risk-on,5-2,normal,0.4,above 20d avg,99.54,99.47,contango,16.17,19.42,-3.25,below 20-obs avg,2.66,2.74,cyclicals leading,1.4,2.6,-1.1,above 20d avg,0.2829,0.2791,fear,39
2026-06-16T19:36:56.763Z,risk-on,5-2,normal,0.4,above 20d avg,99.53,99.47,contango,16.07,19.37,-3.3,below 20-obs avg,2.66,2.74,cyclicals leading,1.5,2.5,-1,above 20d avg,0.2828,0.2791,fear,39
2026-06-16T19:45:23.335Z,risk-on,5-2,normal,0.4,above 20d avg,99.54,99.47,contango,16.07,19.35,-3.28,below 20-obs avg,2.66,2.74,cyclicals leading,1.5,2.5,-1,above 20d avg,0.2828,0.2791,fear,39
2026-06-16T19:51:59.566Z,risk-on,5-2,normal,0.38,above 20d avg,99.55,99.47,contango,16.21,19.41,-3.2,below 20-obs avg,2.66,2.74,cyclicals leading,1.7,2.5,-0.8,above 20d avg,0.2828,0.2791,fear,39
2026-06-16T20:00:23.152Z,risk-on,5-2,normal,0.38,above 20d avg,99.56,99.47,contango,16.11,19.36,-3.25,below 20-obs avg,2.66,2.74,cyclicals leading,1.7,2.3,-0.6,above 20d avg,0.2827,0.2791,fear,39
2026-06-16T20:06:57.798Z,risk-on,5-2,normal,0.38,above 20d avg,99.57,99.47,contango,16.14,19.36,-3.22,below 20-obs avg,2.66,2.74,cyclicals leading,1.8,2.3,-0.6,above 20d avg,0.2828,0.2791,fear,39
2026-06-16T20:15:23.976Z,risk-on,5-2,normal,0.38,above 20d avg,99.57,99.47,contango,16.27,19.45,-3.18,below 20-obs avg,2.66,2.74,cyclicals leading,1.8,2.3,-0.6,above 20d avg,0.2828,0.2791,fear,39
2026-06-16T21:06:53.411Z,risk-on,5-2,normal,0.38,above 20d avg,99.56,99.47,contango,16.41,19.53,-3.12,below 20-obs avg,2.66,2.74,cyclicals leading,1.8,2.3,-0.6,above 20d avg,0.2828,0.2791,fear,39
2026-06-16T21:15:23.649Z,risk-on,5-2,normal,0.38,above 20d avg,99.54,99.47,contango,16.41,19.53,-3.12,below 20-obs avg,2.66,2.74,cyclicals leading,1.8,2.3,-0.6,above 20d avg,0.2828,0.2791,fear,39
2026-06-16T21:22:00.672Z,risk-on,5-2,normal,0.38,above 20d avg,99.54,99.47,contango,16.41,19.53,-3.12,below 20-obs avg,2.66,2.74,cyclicals leading,1.8,2.3,-0.6,above 20d avg,0.2828,0.2791,fear,39
2026-06-17T13:15:23.010Z,risk-on,5-2,normal,0.38,above 20d avg,99.61,99.48,contango,16.05,20.51,-4.46,below 20-obs avg,2.71,2.74,cyclicals leading,1.8,2.3,-0.6,above 20d avg,0.2828,0.2791,fear,40
2026-06-17T13:16:01.243Z,risk-on,5-2,normal,0.38,above 20d avg,99.61,99.48,contango,16.06,20.51,-4.45,below 20-obs avg,2.71,2.74,cyclicals leading,1.8,2.3,-0.6,above 20d avg,0.2828,0.2791,fear,40
2026-06-17T13:30:24.102Z,risk-on,5-2,normal,0.38,above 20d avg,99.6,99.48,contango,16.07,20.51,-4.44,below 20-obs avg,2.71,2.74,cyclicals leading,-0.5,4,-4.4,above 20d avg,0.2823,0.2794,fear,40
2026-06-17T13:30:55.807Z,risk-on,5-2,normal,0.38,above 20d avg,99.6,99.48,contango,16.07,20.51,-4.44,below 20-obs avg,2.71,2.74,cyclicals leading,-0.5,4,-4.6,above 20d avg,0.2824,0.2795,fear,40
2026-06-17T13:45:27.957Z,risk-on,5-2,normal,0.38,above 20d avg,99.64,99.48,contango,16.06,20.51,-4.45,below 20-obs avg,2.71,2.74,cyclicals leading,-0.7,4.3,-5,above 20d avg,0.2829,0.2795,fear,39
2026-06-17T13:45:56.628Z,risk-on,5-2,normal,0.38,above 20d avg,99.63,99.48,contango,16.06,20.51,-4.45,below 20-obs avg,2.71,2.74,cyclicals leading,-0.7,4.3,-5,above 20d avg,0.2829,0.2795,fear,39
2026-06-17T14:00:24.533Z,risk-on,5-1,normal,0.38,above 20d avg,99.62,99.48,contango,16.24,19.5,-3.26,below 20-obs avg,2.71,2.74,cyclicals leading,-0.5,4.2,-4.8,above 20d avg,0.2834,0.2795,neutral,45
2026-06-17T14:01:02.192Z,risk-on,5-1,normal,0.38,above 20d avg,99.6,99.48,contango,16.27,19.51,-3.24,below 20-obs avg,2.71,2.74,cyclicals leading,-0.5,4.2,-4.7,above 20d avg,0.2832,0.2795,neutral,45
2026-06-17T14:15:23.213Z,risk-on,5-2,normal,0.38,above 20d avg,99.65,99.48,contango,16.64,19.68,-3.04,below 20-obs avg,2.71,2.74,cyclicals leading,-0.5,4.4,-5,above 20d avg,0.2832,0.2795,fear,43
2026-06-17T14:15:58.183Z,risk-on,5-2,normal,0.38,above 20d avg,99.64,99.48,contango,16.57,19.64,-3.07,below 20-obs avg,2.71,2.74,cyclicals leading,-0.6,4.5,-5,above 20d avg,0.2831,0.2795,fear,43
2026-06-17T14:30:26.452Z,risk-on,5-2,normal,0.38,above 20d avg,99.66,99.49,contango,16.46,19.57,-3.11,below 20-obs avg,2.71,2.74,cyclicals leading,-0.6,4.4,-5,above 20d avg,0.283,0.2795,fear,42
2026-06-17T14:31:01.832Z,risk-on,5-2,normal,0.38,above 20d avg,99.66,99.49,contango,16.45,19.57,-3.12,below 20-obs avg,2.71,2.74,cyclicals leading,-0.6,4.4,-5,above 20d avg,0.283,0.2795,fear,42
2026-06-17T14:45:22.294Z,risk-on,5-2,normal,0.38,above 20d avg,99.65,99.49,contango,16.44,19.54,-3.1,below 20-obs avg,2.71,2.74,cyclicals leading,-0.5,4.1,-4.6,above 20d avg,0.2831,0.2795,fear,41
2026-06-17T14:46:03.227Z,risk-on,5-2,normal,0.38,above 20d avg,99.66,99.49,contango,16.47,19.56,-3.09,below 20-obs avg,2.71,2.74,cyclicals leading,-0.6,4.1,-4.7,above 20d avg,0.2831,0.2795,fear,41
2026-06-17T15:00:21.920Z,risk-on,5-2,normal,0.38,above 20d avg,99.69,99.49,contango,16.67,19.68,-3.01,below 20-obs avg,2.71,2.74,cyclicals leading,-0.5,4.1,-4.5,above 20d avg,0.2832,0.2795,fear,41
2026-06-17T15:00:56.279Z,risk-on,5-2,normal,0.38,above 20d avg,99.7,99.49,contango,16.64,19.67,-3.03,below 20-obs avg,2.71,2.74,cyclicals leading,-0.5,4.1,-4.6,above 20d avg,0.2834,0.2795,fear,41
2026-06-17T15:15:28.249Z,risk-on,5-2,normal,0.38,above 20d avg,99.69,99.49,contango,16.8,19.84,-3.04,below 20-obs avg,2.71,2.74,cyclicals leading,-0.3,3.9,-4.2,above 20d avg,0.2833,0.2795,fear,40
2026-06-17T15:15:58.941Z,risk-on,5-2,normal,0.38,above 20d avg,99.71,99.49,contango,16.8,19.83,-3.03,below 20-obs avg,2.71,2.74,cyclicals leading,-0.3,3.9,-4.2,above 20d avg,0.2832,0.2795,fear,40
2026-06-17T15:30:23.390Z,risk-on,5-2,normal,0.38,above 20d avg,99.68,99.49,contango,16.89,19.85,-2.96,below 20-obs avg,2.71,2.74,cyclicals leading,-0.3,4.1,-4.4,above 20d avg,0.2836,0.2795,fear,40
2026-06-17T15:31:02.408Z,risk-on,5-2,normal,0.38,above 20d avg,99.68,99.49,contango,16.88,19.85,-2.97,below 20-obs avg,2.71,2.74,cyclicals leading,-0.3,4.1,-4.4,above 20d avg,0.2836,0.2795,fear,40
2026-06-17T15:45:22.781Z,risk-on,5-2,normal,0.38,above 20d avg,99.67,99.49,contango,16.9,19.86,-2.96,below 20-obs avg,2.71,2.74,cyclicals leading,-0.3,4.2,-4.5,above 20d avg,0.2837,0.2795,fear,40
2026-06-17T15:45:57.360Z,risk-on,5-2,normal,0.38,above 20d avg,99.67,99.49,contango,16.92,19.87,-2.95,below 20-obs avg,2.71,2.74,cyclicals leading,-0.2,4.2,-4.5,above 20d avg,0.2837,0.2795,fear,40
2026-06-17T16:00:29.133Z,risk-on,5-2,normal,0.38,above 20d avg,99.67,99.49,contango,16.85,19.82,-2.97,below 20-obs avg,2.71,2.74,cyclicals leading,-0.4,4.2,-4.5,above 20d avg,0.2834,0.2795,fear,41
2026-06-17T16:00:58.911Z,risk-on,5-2,normal,0.38,above 20d avg,99.68,99.49,contango,16.85,19.82,-2.97,below 20-obs avg,2.71,2.74,cyclicals leading,-0.4,4.2,-4.6,above 20d avg,0.2834,0.2795,fear,41
2026-06-17T16:15:21.263Z,risk-on,5-2,normal,0.38,above 20d avg,99.69,99.49,contango,16.81,19.77,-2.96,below 20-obs avg,2.71,2.74,cyclicals leading,-0.3,4.2,-4.5,above 20d avg,0.2833,0.2795,fear,41
2026-06-17T16:16:01.404Z,risk-on,5-2,normal,0.38,above 20d avg,99.69,99.49,contango,16.81,19.77,-2.96,below 20-obs avg,2.71,2.74,cyclicals leading,-0.3,4.2,-4.5,above 20d avg,0.2833,0.2795,fear,41
2026-06-17T16:30:24.197Z,risk-on,5-2,normal,0.38,above 20d avg,99.7,99.49,contango,16.86,19.79,-2.93,below 20-obs avg,2.71,2.74,cyclicals leading,-0.4,4.2,-4.6,above 20d avg,0.2831,0.2795,fear,40
2026-06-17T16:30:55.557Z,risk-on,5-2,normal,0.38,above 20d avg,99.69,99.49,contango,16.85,19.79,-2.94,below 20-obs avg,2.71,2.74,cyclicals leading,-0.5,4.2,-4.6,above 20d avg,0.2831,0.2795,fear,40
2026-06-17T16:45:26.237Z,risk-on,5-2,normal,0.38,above 20d avg,99.7,99.49,contango,16.83,19.76,-2.93,below 20-obs avg,2.71,2.74,cyclicals leading,-0.4,4,-4.4,above 20d avg,0.2832,0.2795,fear,40
2026-06-17T16:45:58.689Z,risk-on,5-2,normal,0.38,above 20d avg,99.7,99.49,contango,16.83,19.76,-2.93,below 20-obs avg,2.71,2.74,cyclicals leading,-0.4,4,-4.5,above 20d avg,0.2832,0.2795,fear,40
2026-06-17T17:00:27.760Z,risk-on,5-2,normal,0.38,above 20d avg,99.69,99.49,contango,16.89,19.78,-2.89,below 20-obs avg,2.71,2.74,cyclicals leading,-0.5,4.1,-4.6,above 20d avg,0.2833,0.2795,fear,40
2026-06-17T17:00:57.230Z,risk-on,5-2,normal,0.38,above 20d avg,99.69,99.49,contango,16.9,19.79,-2.89,below 20-obs avg,2.71,2.74,cyclicals leading,-0.5,4.1,-4.6,above 20d avg,0.2833,0.2795,fear,40
2026-06-17T17:15:25.920Z,risk-on,5-2,normal,0.38,above 20d avg,99.68,99.49,contango,16.9,19.76,-2.86,below 20-obs avg,2.71,2.74,cyclicals leading,-0.6,4.1,-4.6,above 20d avg,0.2834,0.2795,fear,40
2026-06-17T17:16:01.242Z,risk-on,5-2,normal,0.38,above 20d avg,99.68,99.49,contango,16.91,19.77,-2.86,below 20-obs avg,2.71,2.74,cyclicals leading,-0.6,4.1,-4.6,above 20d avg,0.2834,0.2795,fear,40
2026-06-17T17:30:22.247Z,risk-on,5-2,normal,0.38,above 20d avg,99.69,99.49,contango,16.98,19.8,-2.82,below 20-obs avg,2.71,2.74,cyclicals leading,-0.7,4,-4.7,above 20d avg,0.2831,0.2795,fear,40
2026-06-17T17:31:00.677Z,risk-on,5-2,normal,0.38,above 20d avg,99.69,99.49,contango,16.99,19.81,-2.82,below 20-obs avg,2.71,2.74,cyclicals leading,-0.7,4,-4.7,above 20d avg,0.2831,0.2795,fear,40
2026-06-17T17:45:25.700Z,risk-on,5-2,normal,0.38,above 20d avg,99.69,99.49,contango,16.87,19.72,-2.85,below 20-obs avg,2.71,2.74,cyclicals leading,-0.7,4,-4.7,above 20d avg,0.2829,0.2795,fear,40
2026-06-17T17:45:55.824Z,risk-on,5-2,normal,0.38,above 20d avg,99.69,99.49,contango,16.9,19.73,-2.83,below 20-obs avg,2.71,2.74,cyclicals leading,-0.7,4,-4.6,above 20d avg,0.2829,0.2795,fear,40
2026-06-17T18:00:41.813Z,risk-on,5-2,normal,0.38,above 20d avg,99.67,99.49,contango,16.85,19.73,-2.88,below 20-obs avg,2.71,2.74,cyclicals leading,-0.9,3.9,-4.8,above 20d avg,0.2829,0.2795,fear,40
2026-06-17T18:15:24.431Z,risk-on,5-2,normal,0.38,above 20d avg,100,99.5,contango,16.77,19.74,-2.97,below 20-obs avg,2.71,2.74,cyclicals leading,-1.1,3.7,-4.8,above 20d avg,0.2825,0.2795,fear,39
2026-06-17T18:16:00.060Z,risk-on,5-2,normal,0.38,above 20d avg,100.02,99.5,contango,16.96,19.83,-2.87,below 20-obs avg,2.71,2.74,cyclicals leading,-1.1,3.7,-4.8,above 20d avg,0.2825,0.2795,fear,39
2026-06-17T18:30:22.165Z,risk-on,5-2,normal,0.38,above 20d avg,99.98,99.5,contango,17.34,20.04,-2.7,below 20-obs avg,2.71,2.74,cyclicals leading,-1.1,3.5,-4.6,above 20d avg,0.2827,0.2795,fear,39
2026-06-17T18:31:03.253Z,risk-on,5-2,normal,0.38,above 20d avg,99.99,99.5,contango,17.16,19.97,-2.81,below 20-obs avg,2.71,2.74,cyclicals leading,-1.1,3.5,-4.6,above 20d avg,0.2827,0.2795,fear,39
2026-06-17T18:45:22.139Z,risk-on,5-2,normal,0.38,above 20d avg,100.07,99.51,contango,17.84,20.25,-2.41,below 20-obs avg,2.71,2.74,cyclicals leading,-1.1,3.8,-4.9,above 20d avg,0.2826,0.2795,fear,39
2026-06-17T18:45:55.686Z,risk-on,5-2,normal,0.38,above 20d avg,100.09,99.51,contango,17.86,20.26,-2.4,below 20-obs avg,2.71,2.74,cyclicals leading,-1.1,3.7,-4.9,above 20d avg,0.2826,0.2795,fear,39
2026-06-17T19:00:28.220Z,risk-on,5-2,normal,0.38,above 20d avg,99.94,99.5,contango,16.8,19.74,-2.94,below 20-obs avg,2.71,2.74,cyclicals leading,-1.3,3.4,-4.7,above 20d avg,0.2828,0.2795,fear,39
2026-06-17T19:00:56.958Z,risk-on,5-2,normal,0.38,above 20d avg,99.95,99.5,contango,16.89,19.77,-2.88,below 20-obs avg,2.71,2.74,cyclicals leading,-1.3,3.5,-4.7,above 20d avg,0.2828,0.2795,fear,39
2026-06-17T19:15:21.630Z,risk-on,5-2,normal,0.38,above 20d avg,100.23,99.51,contango,17.4,20.07,-2.67,below 20-obs avg,2.71,2.74,cyclicals leading,-1.3,3.3,-4.5,above 20d avg,0.2823,0.2794,fear,38
2026-06-17T19:16:02.355Z,risk-on,5-2,normal,0.38,above 20d avg,100.22,99.51,contango,17.22,20,-2.78,below 20-obs avg,2.71,2.74,cyclicals leading,-1.3,3.2,-4.5,above 20d avg,0.2823,0.2794,fear,38
2026-06-17T19:30:22.253Z,risk-on,5-2,normal,0.38,above 20d avg,100.36,99.52,contango,17.28,20.01,-2.73,below 20-obs avg,2.71,2.74,cyclicals leading,-1.7,2.6,-4.4,above 20d avg,0.2822,0.2794,fear,37
2026-06-17T19:30:56.077Z,risk-on,5-2,normal,0.38,above 20d avg,100.36,99.52,contango,17.37,20.07,-2.7,below 20-obs avg,2.71,2.74,cyclicals leading,-1.8,2.6,-4.4,above 20d avg,0.2821,0.2794,fear,37
2026-06-17T19:45:26.943Z,risk-on,5-2,normal,0.38,above 20d avg,100.53,99.53,contango,18.24,20.54,-2.3,below 20-obs avg,2.71,2.74,cyclicals leading,-1.5,2.5,-4.1,above 20d avg,0.2821,0.2794,fear,33
2026-06-17T19:45:56.277Z,risk-on,5-2,normal,0.38,above 20d avg,100.53,99.53,contango,18.36,20.57,-2.21,below 20-obs avg,2.71,2.74,cyclicals leading,-1.5,2.5,-4,above 20d avg,0.282,0.2794,fear,33
2026-06-17T20:00:22.564Z,risk-on,5-2,normal,0.29,above 20d avg,100.48,99.53,contango,18.65,20.76,-2.11,below 20-obs avg,2.71,2.74,cyclicals leading,-1.4,2.5,-4,above 20d avg,0.282,0.2794,fear,33
2026-06-17T20:01:04.638Z,risk-on,5-2,normal,0.29,above 20d avg,100.51,99.53,contango,18.6,20.77,-2.17,below 20-obs avg,2.71,2.74,cyclicals leading,-1.4,2.6,-4,above 20d avg,0.282,0.2794,fear,33
2026-06-17T20:15:22.250Z,risk-on,5-2,normal,0.29,above 20d avg,100.49,99.53,contango,18.35,20.59,-2.24,below 20-obs avg,2.71,2.74,cyclicals leading,-1.4,2.6,-4,above 20d avg,0.2821,0.2794,fear,33
2026-06-17T20:15:57.329Z,risk-on,5-2,normal,0.29,above 20d avg,100.49,99.53,contango,18.3,20.56,-2.26,below 20-obs avg,2.71,2.74,cyclicals leading,-1.4,2.6,-4,above 20d avg,0.2821,0.2794,fear,33
2026-06-17T20:30:29.095Z,risk-on,5-2,normal,0.29,above 20d avg,100.43,99.52,contango,18.44,20.62,-2.18,below 20-obs avg,2.71,2.74,cyclicals leading,-1.4,2.6,-4,above 20d avg,0.2821,0.2794,fear,33
2026-06-17T20:30:57.066Z,risk-on,5-2,normal,0.29,above 20d avg,100.43,99.52,contango,18.44,20.62,-2.18,below 20-obs avg,2.71,2.74,cyclicals leading,-1.4,2.6,-4,above 20d avg,0.2821,0.2794,fear,33
2026-06-17T20:45:21.393Z,risk-on,5-2,normal,0.29,above 20d avg,100.39,99.52,contango,18.44,20.62,-2.18,below 20-obs avg,2.71,2.74,cyclicals leading,-1.4,2.6,-4,above 20d avg,0.2821,0.2794,fear,33
2026-06-17T20:46:03.428Z,risk-on,5-2,normal,0.29,above 20d avg,100.4,99.52,contango,18.44,20.62,-2.18,below 20-obs avg,2.71,2.74,cyclicals leading,-1.4,2.6,-4,above 20d avg,0.2821,0.2794,fear,33
2026-06-17T21:00:24.320Z,risk-on,5-2,normal,0.29,above 20d avg,100.38,99.52,contango,18.44,20.62,-2.18,below 20-obs avg,2.71,2.74,cyclicals leading,-1.4,2.6,-4,above 20d avg,0.2821,0.2794,fear,33
2026-06-17T21:00:57.470Z,risk-on,5-2,normal,0.29,above 20d avg,100.38,99.52,contango,18.44,20.62,-2.18,below 20-obs avg,2.71,2.74,cyclicals leading,-1.4,2.6,-4,above 20d avg,0.2821,0.2794,fear,33
2026-06-18T13:15:12.226Z,risk-on,5-2,normal,0.29,above 20d avg,100.71,99.59,contango,17.02,20.51,-3.49,below 20-obs avg,2.71,2.74,cyclicals leading,-1.4,2.6,-4,above 20d avg,0.2821,0.2794,fear,32
2026-06-18T13:30:20.571Z,risk-on,5-2,normal,0.29,above 20d avg,100.7,99.59,contango,16.99,20.51,-3.52,below 20-obs avg,2.71,2.74,cyclicals leading,-2,1,-2.9,above 20d avg,0.2821,0.2798,fear,32
2026-06-18T13:45:18.579Z,risk-on,5-2,normal,0.29,above 20d avg,100.61,99.58,contango,16.98,20.51,-3.53,below 20-obs avg,2.71,2.74,cyclicals leading,-1.9,0.8,-2.7,above 20d avg,0.2831,0.2798,fear,36
2026-06-18T14:00:16.578Z,risk-on,5-2,normal,0.29,above 20d avg,100.63,99.58,contango,17.29,20.04,-2.75,below 20-obs avg,2.71,2.74,cyclicals leading,-1.9,0.9,-2.8,above 20d avg,0.2827,0.2798,fear,37
2026-06-18T14:15:15.268Z,risk-on,5-2,normal,0.29,above 20d avg,100.66,99.58,contango,17.19,19.96,-2.77,below 20-obs avg,2.71,2.74,cyclicals leading,-2,0.9,-2.8,above 20d avg,0.2824,0.2798,fear,37
2026-06-18T14:30:27.010Z,risk-on,5-2,normal,0.29,above 20d avg,100.64,99.58,contango,17.36,19.99,-2.63,below 20-obs avg,2.71,2.74,cyclicals leading,-2,0.9,-3,above 20d avg,0.2826,0.2798,fear,37
2026-06-18T14:45:11.570Z,risk-on,5-2,normal,0.29,above 20d avg,100.64,99.58,contango,17.25,19.94,-2.69,below 20-obs avg,2.71,2.74,cyclicals leading,-1.8,1,-2.8,above 20d avg,0.2827,0.2798,fear,37
2026-06-18T15:00:20.635Z,risk-on,5-2,normal,0.29,above 20d avg,100.62,99.58,contango,17.11,19.88,-2.77,below 20-obs avg,2.71,2.74,cyclicals leading,-2,1.2,-3.1,above 20d avg,0.2828,0.2798,fear,37
2026-06-18T15:15:10.835Z,risk-on,5-2,normal,0.29,above 20d avg,100.6,99.58,contango,16.97,19.82,-2.85,below 20-obs avg,2.63,2.73,cyclicals leading,-2,1.1,-3.1,above 20d avg,0.2825,0.2798,fear,37
2026-06-18T15:30:18.529Z,risk-on,5-2,normal,0.29,above 20d avg,100.63,99.58,contango,17.06,19.86,-2.8,below 20-obs avg,2.63,2.73,cyclicals leading,-2.1,1.1,-3.2,above 20d avg,0.2826,0.2798,fear,37
2026-06-18T16:51:05.124Z,risk-on,5-2,normal,0.29,above 20d avg,100.75,99.59,contango,16.79,19.72,-2.93,below 20-obs avg,2.63,2.73,cyclicals leading,-2.1,1.1,-3.2,above 20d avg,0.2818,0.2798,fear,37
2026-06-18T17:00:13.115Z,risk-on,5-2,normal,0.29,above 20d avg,100.78,99.59,contango,16.66,19.66,-3,below 20-obs avg,2.63,2.73,cyclicals leading,-2.1,1.2,-3.3,above 20d avg,0.282,0.2798,fear,37
2026-06-18T17:15:15.522Z,risk-on,5-2,normal,0.29,above 20d avg,100.75,99.59,contango,16.75,19.69,-2.94,below 20-obs avg,2.63,2.73,cyclicals leading,-2.1,1.3,-3.4,above 20d avg,0.2819,0.2798,fear,37
2026-06-18T17:30:18.757Z,risk-on,5-2,normal,0.29,above 20d avg,100.71,99.59,contango,16.62,19.63,-3.01,below 20-obs avg,2.63,2.73,cyclicals leading,-2.2,1.3,-3.5,above 20d avg,0.2818,0.2798,fear,37
2026-06-18T17:45:12.629Z,risk-on,5-2,normal,0.29,above 20d avg,100.76,99.59,contango,16.69,19.68,-2.99,below 20-obs avg,2.63,2.73,cyclicals leading,-2.3,1.2,-3.5,above 20d avg,0.2817,0.2798,fear,37
2026-06-18T18:00:26.384Z,risk-on,5-2,normal,0.29,above 20d avg,100.79,99.59,contango,16.67,19.67,-3,below 20-obs avg,2.63,2.73,cyclicals leading,-2.3,1.2,-3.5,above 20d avg,0.2817,0.2798,fear,37
2026-06-18T18:54:41.178Z,risk-on,5-2,normal,0.29,above 20d avg,100.8,99.59,contango,16.79,19.7,-2.91,below 20-obs avg,2.63,2.73,cyclicals leading,-2.2,1,-3.2,above 20d avg,0.2816,0.2798,fear,37
2026-06-18T19:00:11.792Z,risk-on,5-2,normal,0.29,above 20d avg,100.83,99.59,contango,16.79,19.7,-2.91,below 20-obs avg,2.63,2.73,cyclicals leading,-2.2,0.9,-3.1,above 20d avg,0.2816,0.2798,fear,37
2026-06-18T19:15:18.467Z,risk-on,5-2,normal,0.29,above 20d avg,100.9,99.6,contango,16.73,19.68,-2.95,below 20-obs avg,2.63,2.73,cyclicals leading,-2.4,0.7,-3.1,above 20d avg,0.2815,0.2798,fear,37
2026-06-18T19:30:10.961Z,risk-on,5-2,normal,0.29,above 20d avg,100.89,99.6,contango,16.92,19.78,-2.86,below 20-obs avg,2.63,2.73,cyclicals leading,-2.4,0.8,-3.3,above 20d avg,0.2815,0.2798,fear,37
2026-06-18T19:45:18.857Z,risk-on,5-2,normal,0.29,above 20d avg,100.88,99.6,contango,16.83,19.77,-2.94,below 20-obs avg,2.63,2.73,cyclicals leading,-2.4,1,-3.4,above 20d avg,0.2814,0.2798,fear,37
2026-06-18T20:00:10.725Z,risk-on,5-2,normal,0.27,above 20d avg,100.82,99.59,contango,16.5,19.61,-3.11,below 20-obs avg,2.63,2.73,cyclicals leading,-2.2,1,-3.3,above 20d avg,0.2811,0.2797,fear,38
2026-06-18T20:15:16.590Z,risk-on,5-2,normal,0.27,above 20d avg,100.81,99.59,contango,16.58,19.68,-3.1,below 20-obs avg,2.63,2.73,cyclicals leading,-2.3,1,-3.3,above 20d avg,0.2812,0.2797,fear,38
2026-06-18T20:30:11.915Z,risk-on,5-2,normal,0.27,above 20d avg,100.79,99.59,contango,16.4,19.57,-3.17,below 20-obs avg,2.63,2.73,cyclicals leading,-2.3,0.9,-3.3,above 20d avg,0.2812,0.2797,fear,37
2026-06-18T20:45:17.026Z,risk-on,5-2,normal,0.27,above 20d avg,100.8,99.59,contango,16.4,19.57,-3.17,below 20-obs avg,2.63,2.73,cyclicals leading,-2.3,0.9,-3.3,above 20d avg,0.2812,0.2797,fear,38
2026-06-18T21:00:12.113Z,risk-on,5-2,normal,0.27,above 20d avg,100.83,99.59,contango,16.4,19.57,-3.17,below 20-obs avg,2.63,2.73,cyclicals leading,-2.3,0.9,-3.3,above 20d avg,0.2812,0.2797,fear,38
2026-06-18T21:15:19.318Z,risk-on,5-2,normal,0.27,above 20d avg,100.81,99.59,contango,16.4,19.57,-3.17,below 20-obs avg,2.63,2.73,cyclicals leading,-2.3,0.9,-3.3,above 20d avg,0.2812,0.2797,fear,38
2026-06-18T21:30:10.904Z,risk-on,5-2,normal,0.27,above 20d avg,100.82,99.59,contango,16.4,19.57,-3.17,below 20-obs avg,2.63,2.73,cyclicals leading,-2.3,0.9,-3.3,above 20d avg,0.2812,0.2797,fear,38
2026-06-19T02:43:51.739Z,risk-on,5-2,normal,0.27,above 20d avg,100.83,99.68,contango,16.4,19.57,-3.17,below 20-obs avg,2.63,2.73,cyclicals leading,-2.3,0.9,-3.3,above 20d avg,0.2812,0.2797,fear,38
2026-06-19T03:03:10.064Z,risk-on,5-2,normal,0.27,above 20d avg,100.85,99.68,contango,16.4,19.57,-3.17,below 20-obs avg,2.63,2.73,cyclicals leading,-2.3,0.9,-3.3,above 20d avg,0.2812,0.2797,fear,38
2026-06-19T03:03:10.551Z,risk-on,5-2,normal,0.27,above 20d avg,100.85,99.68,contango,16.4,19.57,-3.17,below 20-obs avg,2.63,2.73,cyclicals leading,-2.3,0.9,-3.3,above 20d avg,0.2812,0.2797,fear,38
2026-06-19T03:05:33.253Z,risk-on,5-2,normal,0.27,above 20d avg,100.85,99.68,contango,16.4,19.57,-3.17,below 20-obs avg,2.63,2.73,cyclicals leading,-2.3,0.9,-3.3,above 20d avg,0.2812,0.2797,fear,38
2026-06-19T03:05:33.747Z,risk-on,5-2,normal,0.27,above 20d avg,100.85,99.68,contango,16.4,19.57,-3.17,below 20-obs avg,2.63,2.73,cyclicals leading,-2.3,0.9,-3.3,above 20d avg,0.2812,0.2797,fear,38
2026-06-19T03:06:30.377Z,risk-on,5-2,normal,0.27,above 20d avg,100.85,99.68,contango,16.4,19.57,-3.17,below 20-obs avg,2.63,2.73,cyclicals leading,-2.3,0.9,-3.3,above 20d avg,0.2812,0.2797,fear,38
2026-06-19T03:06:30.832Z,risk-on,5-2,normal,0.27,above 20d avg,100.85,99.68,contango,16.4,19.57,-3.17,below 20-obs avg,2.63,2.73,cyclicals leading,-2.3,0.9,-3.3,above 20d avg,0.2812,0.2797,fear,38
2026-06-19T03:06:51.057Z,risk-on,5-2,normal,0.27,above 20d avg,100.85,99.68,contango,16.4,19.57,-3.17,below 20-obs avg,2.63,2.73,cyclicals leading,-2.3,0.9,-3.3,above 20d avg,0.2812,0.2797,fear,38
2026-06-19T03:06:51.615Z,risk-on,5-2,normal,0.27,above 20d avg,100.85,99.68,contango,16.4,19.57,-3.17,below 20-obs avg,2.63,2.73,cyclicals leading,-2.3,0.9,-3.3,above 20d avg,0.2812,0.2797,fear,38
2026-06-19T03:12:31.466Z,risk-on,5-2,normal,0.27,above 20d avg,100.86,99.68,contango,16.4,19.57,-3.17,below 20-obs avg,2.63,2.73,cyclicals leading,-2.3,0.9,-3.3,above 20d avg,0.2812,0.2797,fear,38
2026-06-19T03:12:32.015Z,risk-on,5-2,normal,0.27,above 20d avg,100.86,99.68,contango,16.4,19.57,-3.17,below 20-obs avg,2.63,2.73,cyclicals leading,-2.3,0.9,-3.3,above 20d avg,0.2812,0.2797,fear,38
2026-06-19T03:16:50.286Z,risk-on,5-2,normal,0.27,above 20d avg,100.86,99.68,contango,16.4,19.57,-3.17,below 20-obs avg,2.63,2.73,cyclicals leading,-2.3,0.9,-3.3,above 20d avg,0.2812,0.2797,fear,38
2026-06-19T03:16:50.848Z,risk-on,5-2,normal,0.27,above 20d avg,100.86,99.68,contango,16.4,19.57,-3.17,below 20-obs avg,2.63,2.73,cyclicals leading,-2.3,0.9,-3.3,above 20d avg,0.2812,0.2797,fear,38
2026-06-19T14:13:21.432Z,risk-on,5-2,normal,0.27,above 20d avg,100.81,99.67,contango,16.83,20.51,-3.68,below 20-obs avg,2.63,2.73,cyclicals leading,-2.3,0.9,-3.3,above 20d avg,0.2812,0.2797,fear,37
2026-06-19T16:42:34.628Z,risk-on,5-2,normal,0.27,above 20d avg,100.78,99.67,contango,16.78,20.51,-3.73,below 20-obs avg,2.63,2.73,cyclicals leading,-2.3,0.9,-3.3,above 20d avg,0.2812,0.2797,fear,37
2026-06-19T16:42:35.216Z,risk-on,5-2,normal,0.27,above 20d avg,100.78,99.67,contango,16.78,20.51,-3.73,below 20-obs avg,2.63,2.73,cyclicals leading,-2.3,0.9,-3.3,above 20d avg,0.2812,0.2797,fear,37
2026-06-19T18:24:28.465Z,risk-on,5-2,normal,0.27,above 20d avg,100.74,99.59,contango,16.78,20.51,-3.73,below 20-obs avg,2.63,2.73,cyclicals leading,-1.4,2.6,-4,above 20d avg,0.2821,0.2794,fear,37
2026-06-19T18:24:28.821Z,risk-on,5-2,normal,0.27,above 20d avg,100.74,99.59,contango,16.78,20.51,-3.73,below 20-obs avg,2.63,2.73,cyclicals leading,-1.4,2.6,-4,above 20d avg,0.2821,0.2794,fear,37
2026-06-19T20:14:46.658Z,risk-on,5-2,normal,0.27,above 20d avg,100.85,99.68,contango,16.78,20.51,-3.73,below 20-obs avg,2.63,2.73,cyclicals leading,-2.3,0.9,-3.3,above 20d avg,0.2812,0.2797,fear,37
2026-06-19T20:14:47.139Z,risk-on,5-2,normal,0.27,above 20d avg,100.85,99.68,contango,16.78,20.51,-3.73,below 20-obs avg,2.63,2.73,cyclicals leading,-2.3,0.9,-3.3,above 20d avg,0.2812,0.2797,fear,37
2026-06-19T21:38:00.639Z,risk-on,5-2,normal,0.27,above 20d avg,100.85,99.68,contango,16.78,20.51,-3.73,below 20-obs avg,2.63,2.73,cyclicals leading,-2.3,0.9,-3.3,above 20d avg,0.2812,0.2797,fear,37
2026-06-19T21:38:01.178Z,risk-on,5-2,normal,0.27,above 20d avg,100.85,99.68,contango,16.78,20.51,-3.73,below 20-obs avg,2.63,2.73,cyclicals leading,-2.3,0.9,-3.3,above 20d avg,0.2812,0.2797,fear,37
2026-06-22T15:51:02.090Z,risk-on,5-2,normal,0.27,above 20d avg,100.93,99.68,contango,17.55,19.96,-2.41,below 20-obs avg,2.63,2.73,cyclicals leading,-2.3,-0.8,-1.5,above 20d avg,0.2819,0.2801,fear,36
2026-06-22T19:26:28.623Z,risk-on,5-2,normal,0.27,above 20d avg,101.04,99.69,contango,17.52,19.86,-2.34,below 20-obs avg,2.66,2.72,cyclicals leading,-2.6,-1.3,-1.3,above 20d avg,0.2813,0.28,fear,35
2026-06-22T19:26:29.128Z,risk-on,5-2,normal,0.27,above 20d avg,101.04,99.69,contango,17.52,19.86,-2.34,below 20-obs avg,2.66,2.72,cyclicals leading,-2.6,-1.3,-1.3,above 20d avg,0.2813,0.28,fear,35
2026-06-22T21:38:34.305Z,risk-on,5-2,normal,0.27,above 20d avg,101,99.68,contango,17.28,19.76,-2.48,below 20-obs avg,2.66,2.72,cyclicals leading,-2.4,-1.2,-1.2,above 20d avg,0.2816,0.28,fear,35
2026-06-22T21:38:34.687Z,risk-on,5-2,normal,0.27,above 20d avg,101,99.68,contango,17.28,19.76,-2.48,below 20-obs avg,2.66,2.72,cyclicals leading,-2.4,-1.2,-1.2,above 20d avg,0.2816,0.28,fear,35
2026-06-23T13:43:34.053Z,risk-off,4-3,normal,0.27,above 20d avg,101.26,99.78,backwardation,20.21,19.57,0.64,below 20-obs avg,2.66,2.72,defensives leading,-0.8,-2.9,2.1,above 20d avg,0.2836,0.2804,fear,28
2026-06-23T16:15:39.246Z,risk-on,4-3,normal,0.27,above 20d avg,101.37,99.79,contango,19.42,21.07,-1.65,below 20-obs avg,2.65,2.72,defensives leading,-0.9,-2.2,1.3,above 20d avg,0.2842,0.2804,fear,28
2026-06-23T16:15:39.927Z,risk-on,4-3,normal,0.27,above 20d avg,101.37,99.79,contango,19.42,21.07,-1.65,below 20-obs avg,2.65,2.72,defensives leading,-0.9,-2.2,1.3,above 20d avg,0.2842,0.2804,fear,28
2026-06-23T18:17:16.409Z,risk-on,4-3,normal,0.27,above 20d avg,101.4,99.79,contango,18.89,20.76,-1.87,below 20-obs avg,2.65,2.72,defensives leading,-0.6,-2.4,1.8,above 20d avg,0.2842,0.2804,fear,28
2026-06-23T18:17:17.213Z,risk-on,4-3,normal,0.27,above 20d avg,101.4,99.79,contango,18.89,20.76,-1.87,below 20-obs avg,2.65,2.72,defensives leading,-0.6,-2.4,1.8,above 20d avg,0.2842,0.2804,fear,28
2026-06-23T20:33:13.754Z,risk-on,4-3,normal,0.34,above 20d avg,101.39,99.79,contango,19.49,21.06,-1.57,below 20-obs avg,2.65,2.72,defensives leading,-0.5,-2.5,2.1,above 20d avg,0.2848,0.2804,fear,28
2026-06-23T20:33:14.228Z,risk-on,4-3,normal,0.34,above 20d avg,101.39,99.79,contango,19.49,21.06,-1.57,below 20-obs avg,2.65,2.72,defensives leading,-0.5,-2.5,2.1,above 20d avg,0.2848,0.2804,fear,28
2026-06-24T13:22:21.674Z,risk-on,4-3,normal,0.34,above 20d avg,101.8,99.92,contango,19.08,19.57,-0.49,below 20-obs avg,2.65,2.72,defensives leading,-0.5,-2.5,2.1,above 20d avg,0.2848,0.2804,fear,27
2026-06-24T15:42:21.208Z,risk-on,4-3,normal,0.34,above 20d avg,101.61,99.91,contango,18.22,20.29,-2.07,below 20-obs avg,2.71,2.72,defensives leading,0.2,-1.5,1.7,above 20d avg,0.286,0.2809,fear,28
2026-06-24T15:42:21.812Z,risk-on,4-3,normal,0.34,above 20d avg,101.61,99.91,contango,18.22,20.29,-2.07,below 20-obs avg,2.71,2.72,defensives leading,0.2,-1.5,1.7,above 20d avg,0.286,0.2809,fear,28
2026-06-24T17:33:58.469Z,risk-on,4-3,normal,0.34,above 20d avg,101.62,99.91,contango,19.43,20.91,-1.48,below 20-obs avg,2.71,2.72,defensives leading,-0.2,-2.4,2.2,above 20d avg,0.2866,0.2809,fear,26
2026-06-24T17:33:59.040Z,risk-on,4-3,normal,0.34,above 20d avg,101.62,99.91,contango,19.43,20.91,-1.48,below 20-obs avg,2.71,2.72,defensives leading,-0.2,-2.4,2.2,above 20d avg,0.2866,0.2809,fear,26
2026-06-24T19:18:29.484Z,risk-on,4-3,normal,0.34,above 20d avg,101.61,99.91,contango,19.83,21.11,-1.28,below 20-obs avg,2.71,2.72,defensives leading,0.5,-2.7,3.1,above 20d avg,0.2877,0.281,fear,26
2026-06-24T19:18:29.859Z,risk-on,4-3,normal,0.34,above 20d avg,101.61,99.91,contango,19.83,21.11,-1.28,below 20-obs avg,2.71,2.72,defensives leading,0.5,-2.7,3.1,above 20d avg,0.2877,0.281,fear,26
2026-06-24T21:10:08.999Z,risk-on,4-3,normal,0.3,above 20d avg,101.56,99.91,contango,18.63,20.37,-1.74,below 20-obs avg,2.71,2.72,defensives leading,0.3,-2.3,2.6,above 20d avg,0.2869,0.2809,fear,26
2026-06-24T21:10:09.538Z,risk-on,4-3,normal,0.3,above 20d avg,101.56,99.91,contango,18.63,20.37,-1.74,below 20-obs avg,2.71,2.72,defensives leading,0.3,-2.3,2.6,above 20d avg,0.2869,0.2809,fear,26
2026-06-25T13:15:45.066Z,risk-on,4-3,normal,0.3,above 20d avg,101.6,100.03,contango,17.82,19.57,-1.75,below 20-obs avg,2.71,2.72,defensives leading,0.3,-2.3,2.6,above 20d avg,0.2869,0.2809,fear,26
2026-06-25T15:47:52.841Z,risk-on,4-3,normal,0.3,above 20d avg,101.35,100.02,contango,18.83,20.42,-1.59,below 20-obs avg,2.71,2.72,defensives leading,2.6,-0.5,3.1,above 20d avg,0.2888,0.2816,fear,26
2026-06-25T15:47:53.817Z,risk-on,4-3,normal,0.3,above 20d avg,101.35,100.02,contango,18.83,20.42,-1.59,below 20-obs avg,2.71,2.72,defensives leading,2.6,-0.5,3.1,above 20d avg,0.2888,0.2816,fear,26
2026-06-25T18:09:48.422Z,risk-on,4-3,normal,0.3,above 20d avg,101.42,100.02,contango,18.92,20.46,-1.54,below 20-obs avg,2.71,2.72,defensives leading,2.9,-0.7,3.5,above 20d avg,0.2886,0.2815,fear,25
2026-06-25T18:09:48.941Z,risk-on,4-3,normal,0.3,above 20d avg,101.42,100.02,contango,18.92,20.46,-1.54,below 20-obs avg,2.71,2.72,defensives leading,2.9,-0.7,3.5,above 20d avg,0.2886,0.2815,fear,25
2026-06-25T20:22:42.911Z,risk-off,4-3,normal,0.31,above 20d avg,101.43,100.02,contango,18.87,20.29,-1.42,above 20-obs avg,2.76,2.72,defensives leading,3.1,-0.9,4,above 20d avg,0.2887,0.2816,fear,26
2026-06-25T20:22:43.542Z,risk-off,4-3,normal,0.31,above 20d avg,101.43,100.02,contango,18.87,20.29,-1.42,above 20-obs avg,2.76,2.72,defensives leading,3.1,-0.9,4,above 20d avg,0.2887,0.2816,fear,26
2026-06-26T13:10:51.205Z,risk-off,5-2,normal,0.31,above 20d avg,101.09,100.13,backwardation,20.14,19.57,0.57,above 20-obs avg,2.76,2.72,defensives leading,3.1,-0.9,4,above 20d avg,0.2884,0.2815,extreme fear,25
2026-06-26T15:34:27.576Z,risk-off,4-3,normal,0.31,above 20d avg,101.22,100.13,contango,19.2,20.56,-1.36,above 20-obs avg,2.78,2.72,defensives leading,3,0,3,above 20d avg,0.2897,0.2822,fear,25
2026-06-26T15:34:28.058Z,risk-off,4-3,normal,0.31,above 20d avg,101.22,100.13,contango,19.2,20.56,-1.36,above 20-obs avg,2.78,2.72,defensives leading,3,0,3,above 20d avg,0.2897,0.2822,fear,25
2026-06-26T17:24:12.013Z,risk-off,4-3,normal,0.31,above 20d avg,101.31,100.14,contango,18.63,20.24,-1.61,above 20-obs avg,2.78,2.72,defensives leading,3,-0.3,3.3,above 20d avg,0.2893,0.2822,fear,26
2026-06-26T17:24:12.389Z,risk-off,4-3,normal,0.31,above 20d avg,101.31,100.14,contango,18.63,20.24,-1.61,above 20-obs avg,2.78,2.72,defensives leading,3,-0.3,3.3,above 20d avg,0.2894,0.2822,fear,26
2026-06-26T19:18:40.692Z,risk-off,4-3,normal,0.31,above 20d avg,101.35,100.14,contango,18.91,20.37,-1.46,above 20-obs avg,2.78,2.72,defensives leading,2.8,-0.3,3.2,above 20d avg,0.2894,0.2822,extreme fear,25
2026-06-26T19:18:41.255Z,risk-off,4-3,normal,0.31,above 20d avg,101.35,100.14,contango,18.91,20.37,-1.46,above 20-obs avg,2.78,2.72,defensives leading,2.8,-0.3,3.2,above 20d avg,0.2894,0.2822,extreme fear,25
2026-06-26T21:06:15.434Z,risk-off,4-3,normal,0.31,above 20d avg,101.39,100.14,contango,18.41,20.13,-1.72,above 20-obs avg,2.78,2.72,defensives leading,3.2,-0.2,3.4,above 20d avg,0.2885,0.2822,extreme fear,25
2026-06-26T21:06:16.030Z,risk-off,4-3,normal,0.31,above 20d avg,101.39,100.14,contango,18.41,20.13,-1.72,above 20-obs avg,2.78,2.72,defensives leading,3.2,-0.2,3.4,above 20d avg,0.2885,0.2822,extreme fear,25
2026-06-29T14:51:39.331Z,risk-off,4-3,normal,0.31,above 20d avg,101.15,100.25,contango,18.43,19.87,-1.44,above 20-obs avg,2.83,2.73,defensives leading,2.9,0.4,2.5,above 20d avg,0.2884,0.2828,fear,26
2026-06-29T17:36:31.161Z,risk-off,4-3,normal,0.31,above 20d avg,101.14,100.25,contango,17.81,19.52,-1.71,above 20-obs avg,2.83,2.73,defensives leading,2.6,0.3,2.2,above 20d avg,0.2873,0.2827,fear,27
2026-06-29T17:36:31.763Z,risk-off,4-3,normal,0.31,above 20d avg,101.14,100.25,contango,17.81,19.52,-1.71,above 20-obs avg,2.83,2.73,defensives leading,2.6,0.3,2.2,above 20d avg,0.2873,0.2827,fear,27
2026-06-29T19:25:23.949Z,risk-off,4-3,normal,0.31,above 20d avg,101.12,100.25,contango,17.6,19.51,-1.91,above 20-obs avg,2.83,2.73,defensives leading,2.9,0.3,2.5,above 20d avg,0.2872,0.2827,fear,27
2026-06-29T19:25:24.592Z,risk-off,4-3,normal,0.31,above 20d avg,101.12,100.25,contango,17.6,19.51,-1.91,above 20-obs avg,2.83,2.73,defensives leading,2.9,0.3,2.5,above 20d avg,0.2872,0.2827,fear,27
2026-06-29T21:08:32.153Z,risk-off,4-3,normal,0.28,above 20d avg,101.11,100.25,contango,17.65,19.53,-1.88,above 20-obs avg,2.83,2.73,defensives leading,2.9,0.3,2.6,above 20d avg,0.2875,0.2827,fear,27
2026-06-29T21:08:32.752Z,risk-off,4-3,normal,0.28,above 20d avg,101.11,100.25,contango,17.65,19.53,-1.88,above 20-obs avg,2.83,2.73,defensives leading,2.9,0.3,2.6,above 20d avg,0.2875,0.2827,fear,27
2026-06-30T13:09:39.481Z,risk-off,4-3,normal,0.28,above 20d avg,101.36,100.36,contango,17.6,20.13,-2.53,above 20-obs avg,2.83,2.73,defensives leading,2.9,0.3,2.6,above 20d avg,0.2875,0.2827,fear,27
2026-06-30T15:41:41.036Z,risk-off,4-3,normal,0.28,above 20d avg,101.14,100.35,contango,16.88,19.21,-2.33,above 20-obs avg,2.8,2.73,defensives leading,1.6,-0.1,1.8,above 20d avg,0.2855,0.2832,fear,30
2026-06-30T15:41:41.656Z,risk-off,4-3,normal,0.28,above 20d avg,101.14,100.35,contango,16.88,19.21,-2.33,above 20-obs avg,2.8,2.73,defensives leading,1.6,-0.1,1.8,above 20d avg,0.2855,0.2832,fear,30
2026-06-30T17:30:07.932Z,risk-off,4-3,normal,0.28,above 20d avg,101.21,100.35,contango,16.67,19.1,-2.43,above 20-obs avg,2.8,2.73,defensives leading,1.8,0,1.7,above 20d avg,0.2854,0.2832,fear,30
2026-06-30T17:30:08.677Z,risk-off,4-3,normal,0.28,above 20d avg,101.21,100.35,contango,16.67,19.1,-2.43,above 20-obs avg,2.8,2.73,defensives leading,1.8,0,1.7,above 20d avg,0.2854,0.2832,fear,30
2026-06-30T19:23:00.714Z,risk-off,4-3,normal,0.28,above 20d avg,101.18,100.35,contango,16.5,18.97,-2.47,above 20-obs avg,2.8,2.73,defensives leading,1.3,0,1.2,above 20d avg,0.2852,0.2832,fear,31
2026-06-30T19:23:01.249Z,risk-off,4-3,normal,0.28,above 20d avg,101.17,100.35,contango,16.5,18.97,-2.47,above 20-obs avg,2.8,2.73,defensives leading,1.3,0,1.2,above 20d avg,0.2852,0.2832,fear,31
2026-06-30T21:14:31.697Z,risk-off,4-3,normal,0.3,above 20d avg,101.18,100.35,contango,16.45,19,-2.55,above 20-obs avg,2.8,2.73,defensives leading,0.6,-0.1,0.7,above 20d avg,0.2849,0.2832,fear,31
2026-06-30T21:14:32.130Z,risk-off,4-3,normal,0.3,above 20d avg,101.18,100.35,contango,16.45,19,-2.55,above 20-obs avg,2.8,2.73,defensives leading,0.6,-0.1,0.7,above 20d avg,0.2849,0.2832,fear,31
2026-07-01T13:34:05.171Z,risk-on,4-3,normal,0.3,above 20d avg,101.47,100.46,contango,16.76,20.13,-3.37,above 20-obs avg,2.8,2.73,cyclicals leading,-0.7,0.9,-1.6,above 20d avg,0.2865,0.2837,fear,31
2026-07-01T16:10:45.068Z,risk-on,4-3,normal,0.3,above 20d avg,101.33,100.45,contango,16.11,18.87,-2.76,above 20-obs avg,2.75,2.73,cyclicals leading,-1.5,2.2,-3.7,above 20d avg,0.2868,0.2837,fear,34
2026-07-01T16:10:45.858Z,risk-on,4-3,normal,0.3,above 20d avg,101.33,100.45,contango,16.11,18.87,-2.76,above 20-obs avg,2.75,2.73,cyclicals leading,-1.5,2.2,-3.7,above 20d avg,0.2868,0.2837,fear,34
2026-07-01T18:16:45.688Z,risk-on,4-3,normal,0.3,above 20d avg,101.39,100.46,contango,16.34,19.06,-2.72,above 20-obs avg,2.75,2.73,cyclicals leading,-1.6,1.8,-3.4,above 20d avg,0.2863,0.2837,fear,33
2026-07-01T18:16:46.131Z,risk-on,4-3,normal,0.3,above 20d avg,101.39,100.46,contango,16.34,19.06,-2.72,above 20-obs avg,2.75,2.73,cyclicals leading,-1.6,1.8,-3.4,above 20d avg,0.2863,0.2837,fear,33
2026-07-01T20:27:53.917Z,risk-on,4-3,normal,0.31,above 20d avg,101.41,100.46,contango,16.59,19.17,-2.58,above 20-obs avg,2.75,2.73,cyclicals leading,-1.4,1.6,-2.9,above 20d avg,0.2862,0.2837,fear,32
2026-07-01T20:27:54.282Z,risk-on,4-3,normal,0.31,above 20d avg,101.41,100.46,contango,16.59,19.17,-2.58,above 20-obs avg,2.75,2.73,cyclicals leading,-1.4,1.6,-2.9,above 20d avg,0.2862,0.2837,fear,32
2026-07-02T12:57:41.428Z,risk-on,4-3,normal,0.31,above 20d avg,100.66,100.51,contango,16.04,20.13,-4.09,above 20-obs avg,2.75,2.73,cyclicals leading,-1.4,1.6,-2.9,above 20d avg,0.2862,0.2837,fear,30
2026-07-02T15:21:08.483Z,risk-off,4-3,normal,0.31,above 20d avg,100.75,100.52,contango,16.45,19.09,-2.64,above 20-obs avg,2.74,2.73,defensives leading,1.1,-0.2,1.3,above 20d avg,0.2875,0.2842,fear,32
2026-07-02T15:21:09.133Z,risk-off,4-3,normal,0.31,above 20d avg,100.75,100.52,contango,16.45,19.09,-2.64,above 20-obs avg,2.74,2.73,defensives leading,1.1,-0.2,1.3,above 20d avg,0.2875,0.2842,fear,32
2026-07-02T17:11:09.914Z,risk-off,4-3,normal,0.31,above 20d avg,100.83,100.52,contango,16.73,19.29,-2.56,above 20-obs avg,2.74,2.73,defensives leading,1,-0.5,1.5,above 20d avg,0.2881,0.2842,fear,31
2026-07-02T17:11:10.444Z,risk-off,4-3,normal,0.31,above 20d avg,100.83,100.52,contango,16.73,19.29,-2.56,above 20-obs avg,2.74,2.73,defensives leading,1,-0.5,1.5,above 20d avg,0.2881,0.2842,fear,31
2026-07-02T18:48:44.481Z,risk-off,4-3,normal,0.35,above 20d avg,100.83,100.52,contango,16.6,19.22,-2.62,above 20-obs avg,2.74,2.73,defensives leading,1.1,-0.2,1.3,above 20d avg,0.2883,0.2842,fear,31
2026-07-02T18:48:45.187Z,risk-off,4-3,normal,0.35,above 20d avg,100.83,100.52,contango,16.6,19.22,-2.62,above 20-obs avg,2.74,2.73,defensives leading,1.1,-0.2,1.3,above 20d avg,0.2883,0.2842,fear,31
2026-07-02T20:17:48.136Z,risk-off,4-3,normal,0.35,above 20d avg,100.87,100.52,contango,16.2,19.02,-2.82,above 20-obs avg,2.74,2.73,defensives leading,1.3,0.3,1,above 20d avg,0.2885,0.2842,fear,31
2026-07-02T20:17:48.533Z,risk-off,4-3,normal,0.35,above 20d avg,100.87,100.52,contango,16.19,19.02,-2.83,above 20-obs avg,2.74,2.73,defensives leading,1.3,0.3,1,above 20d avg,0.2885,0.2842,fear,31
2026-07-02T21:44:41.235Z,risk-off,4-3,normal,0.35,above 20d avg,100.87,100.53,contango,16.15,19.04,-2.89,above 20-obs avg,2.74,2.73,defensives leading,1.3,0.3,1,above 20d avg,0.2886,0.2842,fear,31
2026-07-02T21:44:41.619Z,risk-off,4-3,normal,0.35,above 20d avg,100.87,100.53,contango,16.15,19.04,-2.89,above 20-obs avg,2.74,2.73,defensives leading,1.3,0.3,1,above 20d avg,0.2886,0.2842,fear,31
2026-07-03T12:55:59.199Z,risk-off,4-3,normal,0.35,above 20d avg,100.78,100.59,contango,15.93,20.13,-4.2,above 20-obs avg,2.74,2.73,defensives leading,1.3,0.3,1,above 20d avg,0.2886,0.2842,fear,32
2026-07-03T15:12:23.531Z,risk-off,4-3,normal,0.35,above 20d avg,100.82,100.59,contango,15.8,20.13,-4.33,above 20-obs avg,2.74,2.73,defensives leading,1.3,0.3,1,above 20d avg,0.2886,0.2842,fear,32
2026-07-03T15:12:24.035Z,risk-off,4-3,normal,0.35,above 20d avg,100.82,100.59,contango,15.8,20.13,-4.33,above 20-obs avg,2.74,2.73,defensives leading,1.3,0.3,1,above 20d avg,0.2886,0.2842,fear,32
2026-07-03T16:46:01.076Z,risk-off,4-3,normal,0.35,above 20d avg,100.86,100.6,contango,15.81,20.13,-4.32,above 20-obs avg,2.75,2.73,defensives leading,1.3,0.3,1,above 20d avg,0.2886,0.2842,fear,32
2026-07-03T16:46:01.605Z,risk-off,4-3,normal,0.35,above 20d avg,100.86,100.6,contango,15.81,20.13,-4.32,above 20-obs avg,2.75,2.73,defensives leading,1.3,0.3,1,above 20d avg,0.2886,0.2842,fear,32
2026-07-03T18:12:57.539Z,risk-off,4-3,normal,0.35,above 20d avg,100.83,100.6,contango,15.81,20.13,-4.32,above 20-obs avg,2.75,2.73,defensives leading,1.3,0.3,1,above 20d avg,0.2886,0.2842,fear,32
2026-07-03T18:12:57.933Z,risk-off,4-3,normal,0.35,above 20d avg,100.83,100.6,contango,15.81,20.13,-4.32,above 20-obs avg,2.75,2.73,defensives leading,1.3,0.3,1,above 20d avg,0.2886,0.2842,fear,32
2026-07-03T19:51:03.770Z,risk-off,4-3,normal,0.35,above 20d avg,100.86,100.6,contango,15.81,20.13,-4.32,above 20-obs avg,2.75,2.73,defensives leading,1.3,0.3,1,above 20d avg,0.2886,0.2842,fear,32
2026-07-03T19:51:04.245Z,risk-off,4-3,normal,0.35,above 20d avg,100.86,100.6,contango,15.81,20.13,-4.32,above 20-obs avg,2.75,2.73,defensives leading,1.3,0.3,1,above 20d avg,0.2886,0.2842,fear,32
2026-07-03T21:05:24.893Z,risk-off,4-3,normal,0.35,above 20d avg,100.86,100.6,contango,15.81,20.13,-4.32,above 20-obs avg,2.75,2.73,defensives leading,1.3,0.3,1,above 20d avg,0.2886,0.2842,fear,32
2026-07-03T21:05:25.333Z,risk-off,4-3,normal,0.35,above 20d avg,100.86,100.6,contango,15.81,20.13,-4.32,above 20-obs avg,2.75,2.73,defensives leading,1.3,0.3,1,above 20d avg,0.2886,0.2842,fear,32
2026-07-06T14:24:39.338Z,risk-on,4-3,normal,0.35,above 20d avg,101.06,100.61,contango,16.17,19.01,-2.84,above 20-obs avg,2.75,2.73,cyclicals leading,-1.3,2.1,-3.3,above 20d avg,0.2859,0.2846,fear,44
2026-07-06T17:20:48.209Z,risk-on,4-3,normal,0.35,above 20d avg,100.95,100.6,contango,15.86,18.86,-3,above 20-obs avg,2.75,2.73,cyclicals leading,-1.1,2,-3.1,above 20d avg,0.2863,0.2846,fear,45
2026-07-06T17:20:48.688Z,risk-on,4-3,normal,0.35,above 20d avg,100.95,100.6,contango,15.83,18.86,-3.03,above 20-obs avg,2.75,2.73,cyclicals leading,-1.1,2,-3.1,above 20d avg,0.2863,0.2846,fear,45
2026-07-06T19:16:02.785Z,risk-on,4-3,normal,0.35,above 20d avg,100.86,100.6,contango,15.64,18.74,-3.1,above 20-obs avg,2.74,2.73,cyclicals leading,-0.8,1.9,-2.7,above 20d avg,0.286,0.2846,fear,45
2026-07-06T19:16:03.427Z,risk-on,4-3,normal,0.35,above 20d avg,100.86,100.6,contango,15.64,18.75,-3.11,above 20-obs avg,2.74,2.73,cyclicals leading,-0.8,2,-2.7,above 20d avg,0.286,0.2846,fear,45
2026-07-06T21:10:35.215Z,risk-on,4-3,normal,0.35,above 20d avg,100.87,100.6,contango,15.57,18.78,-3.21,above 20-obs avg,2.74,2.73,cyclicals leading,-0.7,1.9,-2.6,above 20d avg,0.2862,0.2846,fear,44
2026-07-06T21:10:35.701Z,risk-on,4-3,normal,0.35,above 20d avg,100.87,100.6,contango,15.57,18.78,-3.21,above 20-obs avg,2.74,2.73,cyclicals leading,-0.7,1.9,-2.6,above 20d avg,0.2862,0.2846,fear,44
2026-07-07T13:20:47.991Z,risk-on,4-3,normal,0.35,above 20d avg,100.94,100.64,contango,15.94,19.04,-3.1,above 20-obs avg,2.74,2.73,cyclicals leading,-0.7,1.9,-2.6,above 20d avg,0.2862,0.2846,fear,45
2026-07-07T16:01:48.559Z,risk-on,4-3,normal,0.35,above 20d avg,100.97,100.64,contango,16.23,19.14,-2.91,below 20-obs avg,2.72,2.73,defensives leading,0.7,0.5,0.1,above 20d avg,0.2878,0.2849,fear,41
2026-07-07T16:01:49.019Z,risk-on,4-3,normal,0.35,above 20d avg,100.97,100.64,contango,16.23,19.14,-2.91,below 20-obs avg,2.72,2.73,defensives leading,0.7,0.5,0.1,above 20d avg,0.2878,0.2849,fear,41
2026-07-07T18:20:26.802Z,risk-on,5-2,normal,0.35,above 20d avg,100.95,100.64,contango,15.59,18.71,-3.12,below 20-obs avg,2.72,2.73,cyclicals leading,0.1,0.6,-0.5,above 20d avg,0.2869,0.2849,fear,44
2026-07-07T18:20:27.358Z,risk-on,5-2,normal,0.35,above 20d avg,100.95,100.64,contango,15.59,18.71,-3.12,below 20-obs avg,2.72,2.73,cyclicals leading,0.1,0.6,-0.5,above 20d avg,0.2869,0.2849,fear,44
2026-07-07T20:25:21.329Z,risk-on,5-2,normal,0.35,above 20d avg,101.08,100.65,contango,16.11,18.99,-2.88,below 20-obs avg,2.72,2.73,cyclicals leading,0.6,1,-0.4,above 20d avg,0.2872,0.2849,fear,43
2026-07-07T20:25:33.630Z,risk-on,5-2,normal,0.35,above 20d avg,101.08,100.65,contango,16.11,18.99,-2.88,below 20-obs avg,2.72,2.73,cyclicals leading,0.6,1,-0.4,above 20d avg,0.2872,0.2849,fear,43
2026-07-07T21:53:15.861Z,risk-on,5-2,normal,0.35,above 20d avg,101.12,100.65,contango,16.13,19.01,-2.88,below 20-obs avg,2.72,2.73,cyclicals leading,0.6,1,-0.4,above 20d avg,0.2872,0.2849,fear,43
2026-07-07T21:53:16.516Z,risk-on,5-2,normal,0.35,above 20d avg,101.12,100.65,contango,16.13,19.01,-2.88,below 20-obs avg,2.72,2.73,cyclicals leading,0.6,1,-0.4,above 20d avg,0.2872,0.2849,fear,43
2026-07-08T12:21:19.048Z,risk-on,5-2,normal,0.36,above 20d avg,101.17,100.71,contango,17.6,19.04,-1.44,below 20-obs avg,2.72,2.73,cyclicals leading,0.6,1,-0.4,above 20d avg,0.2872,0.2849,fear,43
2026-07-08T14:56:10.506Z,risk-on,4-3,normal,0.36,above 20d avg,101.14,100.7,contango,17.87,19.87,-2,below 20-obs avg,2.67,2.73,defensives leading,2.4,-0.3,2.7,above 20d avg,0.2854,0.2851,fear,41
2026-07-08T14:56:10.897Z,risk-on,4-3,normal,0.36,above 20d avg,101.14,100.7,contango,17.87,19.87,-2,below 20-obs avg,2.67,2.73,defensives leading,2.4,-0.3,2.7,above 20d avg,0.2854,0.2851,fear,41
2026-07-08T16:39:57.513Z,risk-on,4-3,normal,0.36,above 20d avg,101.19,100.71,contango,17.57,19.81,-2.24,below 20-obs avg,2.67,2.73,defensives leading,2.1,-0.4,2.6,above 20d avg,0.2852,0.2851,fear,41
2026-07-08T16:39:58.170Z,risk-on,4-3,normal,0.36,above 20d avg,101.19,100.71,contango,17.57,19.81,-2.24,below 20-obs avg,2.67,2.73,defensives leading,2.1,-0.4,2.6,above 20d avg,0.2852,0.2851,fear,41
2026-07-08T18:06:46.780Z,risk-on,4-3,normal,0.36,above 20d avg,101.04,100.7,contango,16.87,19.37,-2.5,below 20-obs avg,2.67,2.73,defensives leading,2,-0.2,2.3,above 20d avg,0.2851,0.2851,fear,42
2026-07-08T18:06:47.214Z,risk-on,4-3,normal,0.36,above 20d avg,101.04,100.7,contango,16.88,19.37,-2.49,below 20-obs avg,2.67,2.73,defensives leading,2,-0.2,2.3,above 20d avg,0.2852,0.2851,fear,42
2026-07-08T19:55:32.609Z,risk-off,4-3,normal,0.35,above 20d avg,100.98,100.7,contango,16.83,19.33,-2.5,below 20-obs avg,2.67,2.73,defensives leading,1.7,-0.5,2.2,below 20d avg,0.2846,0.2851,fear,42
2026-07-08T19:55:33.084Z,risk-off,4-3,normal,0.35,above 20d avg,100.98,100.7,contango,16.83,19.33,-2.5,below 20-obs avg,2.67,2.73,defensives leading,1.7,-0.5,2.2,below 20d avg,0.2846,0.2851,fear,42
2026-07-08T21:07:13.541Z,risk-off,4-3,normal,0.35,above 20d avg,101.07,100.7,contango,16.9,19.46,-2.56,below 20-obs avg,2.67,2.73,defensives leading,1.6,-0.5,2.1,below 20d avg,0.2847,0.2851,fear,42
2026-07-08T21:07:13.968Z,risk-off,4-3,normal,0.35,above 20d avg,101.07,100.7,contango,16.9,19.46,-2.56,below 20-obs avg,2.67,2.73,defensives leading,1.6,-0.5,2.1,below 20d avg,0.2847,0.2851,fear,42
2026-07-09T13:50:08.030Z,Mixed,3-3,normal,0.35,above 20d avg,100.95,100.75,contango,16.77,19.31,-2.54,below 20-obs avg,2.67,2.73,defensives leading,1.2,-0.6,1.8,below 20d avg,0.2848,0.2851,neutral,46
2026-07-09T16:27:38.985Z,risk-on,4-2,normal,0.35,above 20d avg,100.86,100.75,contango,16.06,19.02,-2.96,below 20-obs avg,2.67,2.73,defensives leading,1.2,0,1.2,above 20d avg,0.2851,0.2851,neutral,48
2026-07-09T16:27:39.462Z,risk-on,4-2,normal,0.35,above 20d avg,100.86,100.75,contango,16.06,19.02,-2.96,below 20-obs avg,2.67,2.73,defensives leading,1.2,0,1.2,above 20d avg,0.2851,0.2851,neutral,48
2026-07-09T18:18:21.258Z,Mixed,3-3,normal,0.35,above 20d avg,100.88,100.75,contango,16.01,19.03,-3.02,below 20-obs avg,2.67,2.73,defensives leading,1,0.1,0.9,below 20d avg,0.2847,0.2851,neutral,48
2026-07-09T18:18:21.677Z,Mixed,3-3,normal,0.35,above 20d avg,100.88,100.75,contango,16.01,19.03,-3.02,below 20-obs avg,2.67,2.73,defensives leading,1,0.1,0.9,below 20d avg,0.2847,0.2851,neutral,48
2026-07-09T20:18:45.860Z,Mixed,3-3,normal,0.35,above 20d avg,100.94,100.75,contango,15.85,19,-3.15,below 20-obs avg,2.7,2.72,defensives leading,0.8,0,0.8,below 20d avg,0.284,0.2851,neutral,47
2026-07-09T20:18:46.300Z,Mixed,3-3,normal,0.35,above 20d avg,100.94,100.75,contango,15.85,19,-3.15,below 20-obs avg,2.7,2.72,defensives leading,0.8,0,0.8,below 20d avg,0.284,0.2851,neutral,47
2026-07-09T21:57:01.167Z,Mixed,3-3,normal,0.35,above 20d avg,100.93,100.75,contango,15.84,18.99,-3.15,below 20-obs avg,2.7,2.72,defensives leading,0.8,0,0.8,below 20d avg,0.284,0.2851,neutral,47
2026-07-09T21:57:01.579Z,Mixed,3-3,normal,0.35,above 20d avg,100.93,100.75,contango,15.84,18.99,-3.15,below 20-obs avg,2.7,2.72,defensives leading,0.8,0,0.8,below 20d avg,0.284,0.2851,neutral,47
2026-07-10T13:11:16.960Z,Mixed,3-3,normal,0.38,above 20d avg,100.86,100.8,contango,15.79,19.04,-3.25,below 20-obs avg,2.7,2.72,defensives leading,0.8,0,0.8,below 20d avg,0.284,0.2851,neutral,47
2026-07-10T15:40:32.588Z,risk-on,4-2,normal,0.38,above 20d avg,100.81,100.79,contango,15.41,18.83,-3.42,below 20-obs avg,2.7,2.72,cyclicals leading,-1.2,0.1,-1.3,below 20d avg,0.2845,0.2851,neutral,47
2026-07-10T15:40:33.083Z,risk-on,4-2,normal,0.38,above 20d avg,100.81,100.79,contango,15.41,18.83,-3.42,below 20-obs avg,2.7,2.72,cyclicals leading,-1.2,0.1,-1.3,below 20d avg,0.2845,0.2851,neutral,47
2026-07-10T17:27:29.229Z,risk-on,4-2,normal,0.38,above 20d avg,100.85,100.8,contango,15.33,18.75,-3.42,below 20-obs avg,2.7,2.72,cyclicals leading,-1.2,0.1,-1.3,below 20d avg,0.2841,0.2851,neutral,48
2026-07-10T17:27:29.666Z,risk-on,4-2,normal,0.38,above 20d avg,100.85,100.8,contango,15.33,18.75,-3.42,below 20-obs avg,2.7,2.72,cyclicals leading,-1.2,0.1,-1.3,below 20d avg,0.2841,0.2851,neutral,48
2026-07-10T19:04:23.125Z,risk-on,4-2,normal,0.38,above 20d avg,100.96,100.8,contango,15.28,18.69,-3.41,below 20-obs avg,2.7,2.72,cyclicals leading,-1.1,0.2,-1.2,below 20d avg,0.284,0.285,neutral,49
2026-07-10T19:04:23.611Z,risk-on,4-2,normal,0.38,above 20d avg,100.96,100.8,contango,15.28,18.69,-3.41,below 20-obs avg,2.7,2.72,cyclicals leading,-1.1,0.2,-1.2,below 20d avg,0.284,0.285,neutral,49
2026-07-10T20:42:55.281Z,risk-on,4-2,normal,0.35,above 20d avg,100.98,100.8,contango,15.03,18.57,-3.54,below 20-obs avg,2.7,2.72,cyclicals leading,-1,0.1,-1.2,below 20d avg,0.2839,0.285,neutral,49
2026-07-10T20:42:55.699Z,risk-on,4-2,normal,0.35,above 20d avg,100.98,100.8,contango,15.03,18.57,-3.54,below 20-obs avg,2.7,2.72,cyclicals leading,-1,0.1,-1.2,below 20d avg,0.2839,0.285,neutral,49
2026-07-10T21:43:17.016Z,risk-on,4-2,normal,0.35,above 20d avg,100.96,100.8,contango,15.03,18.57,-3.54,below 20-obs avg,2.7,2.72,cyclicals leading,-1,0.1,-1.2,below 20d avg,0.2839,0.285,neutral,49
2026-07-10T21:43:17.438Z,risk-on,4-2,normal,0.35,above 20d avg,100.96,100.8,contango,15.03,18.57,-3.54,below 20-obs avg,2.7,2.72,cyclicals leading,-1,0.1,-1.2,below 20d avg,0.2839,0.285,neutral,49
2026-07-13T13:22:49.675Z,risk-on,4-2,normal,0.35,above 20d avg,100.93,100.86,contango,16.35,18.57,-2.22,below 20-obs avg,2.7,2.72,cyclicals leading,-1,0.1,-1.2,below 20d avg,0.2839,0.285,neutral,49
2026-07-13T16:03:57.150Z,risk-on,4-3,normal,0.35,above 20d avg,101.14,100.87,contango,16.24,19.24,-3,below 20-obs avg,2.69,2.72,defensives leading,0.6,-0.5,1.2,above 20d avg,0.2857,0.2851,fear,45
2026-07-13T16:03:57.523Z,risk-on,4-3,normal,0.35,above 20d avg,101.14,100.87,contango,16.24,19.24,-3,below 20-obs avg,2.69,2.72,defensives leading,0.6,-0.5,1.2,above 20d avg,0.2857,0.2851,fear,45
2026-07-13T18:06:35.586Z,risk-on,4-3,normal,0.35,above 20d avg,101.25,100.87,contango,16.79,19.46,-2.67,below 20-obs avg,2.69,2.72,defensives leading,0.7,-0.7,1.3,above 20d avg,0.2858,0.2851,fear,44
2026-07-13T18:06:35.963Z,risk-on,4-3,normal,0.35,above 20d avg,101.25,100.87,contango,16.79,19.46,-2.67,below 20-obs avg,2.69,2.72,defensives leading,0.7,-0.7,1.3,above 20d avg,0.2858,0.2851,fear,44
2026-07-13T19:48:52.009Z,risk-on,4-3,normal,0.35,above 20d avg,101.29,100.87,contango,17.34,19.76,-2.42,below 20-obs avg,2.69,2.72,defensives leading,0.6,-0.8,1.3,above 20d avg,0.2857,0.2851,fear,43
2026-07-13T19:48:52.439Z,risk-on,4-3,normal,0.35,above 20d avg,101.29,100.87,contango,17.34,19.76,-2.42,below 20-obs avg,2.69,2.72,defensives leading,0.6,-0.8,1.3,above 20d avg,0.2857,0.2851,fear,43
2026-07-13T20:56:30.344Z,risk-on,4-3,normal,0.36,above 20d avg,101.31,100.88,contango,17.16,19.64,-2.48,below 20-obs avg,2.69,2.72,defensives leading,0.6,-0.7,1.3,above 20d avg,0.286,0.2851,fear,44
2026-07-13T20:56:31.057Z,risk-on,4-3,normal,0.36,above 20d avg,101.31,100.88,contango,17.16,19.64,-2.48,below 20-obs avg,2.69,2.72,defensives leading,0.6,-0.7,1.3,above 20d avg,0.286,0.2851,fear,44
2026-07-13T21:58:15.349Z,risk-on,4-3,normal,0.36,above 20d avg,101.27,100.87,contango,17.16,19.64,-2.48,below 20-obs avg,2.69,2.72,defensives leading,0.6,-0.7,1.3,above 20d avg,0.286,0.2851,fear,44
2026-07-13T21:58:15.954Z,risk-on,4-3,normal,0.36,above 20d avg,101.28,100.87,contango,17.16,19.64,-2.48,below 20-obs avg,2.69,2.72,defensives leading,0.6,-0.7,1.3,above 20d avg,0.286,0.2851,fear,44
2026-07-14T12:11:22.275Z,risk-on,4-3,normal,0.36,above 20d avg,101.05,100.94,contango,17.33,18.57,-1.24,below 20-obs avg,2.69,2.72,defensives leading,0.6,-0.7,1.3,above 20d avg,0.286,0.2851,fear,44
2026-07-14T14:14:14.357Z,risk-on,5-2,normal,0.36,below 20d avg,100.66,100.92,contango,16.4,19.28,-2.88,below 20-obs avg,2.69,2.72,cyclicals leading,-0.8,-0.2,-0.5,below 20d avg,0.2851,0.2851,fear,44
2026-07-14T14:14:14.964Z,risk-on,5-2,normal,0.36,below 20d avg,100.66,100.92,contango,16.4,19.28,-2.88,below 20-obs avg,2.69,2.72,cyclicals leading,-0.8,-0.2,-0.5,below 20d avg,0.2851,0.2851,fear,44
2026-07-14T15:49:21.182Z,risk-on,5-2,normal,0.36,below 20d avg,100.79,100.93,contango,16.34,19.29,-2.95,below 20-obs avg,2.69,2.72,cyclicals leading,-1.3,-0.2,-1.1,below 20d avg,0.2841,0.2851,fear,44
2026-07-14T15:49:21.805Z,risk-on,5-2,normal,0.36,below 20d avg,100.79,100.93,contango,16.34,19.29,-2.95,below 20-obs avg,2.69,2.72,cyclicals leading,-1.3,-0.2,-1.1,below 20d avg,0.2841,0.2851,fear,44
2026-07-14T17:13:52.871Z,risk-on,5-2,normal,0.36,below 20d avg,100.85,100.93,contango,16.48,19.3,-2.82,below 20-obs avg,2.69,2.72,cyclicals leading,-1.4,-0.3,-1.1,below 20d avg,0.2839,0.2851,fear,43
2026-07-14T17:13:53.593Z,risk-on,5-2,normal,0.36,below 20d avg,100.85,100.93,contango,16.48,19.3,-2.82,below 20-obs avg,2.69,2.72,cyclicals leading,-1.4,-0.3,-1.1,below 20d avg,0.2839,0.2851,fear,43
2026-07-14T18:18:10.425Z,risk-on,5-2,normal,0.36,below 20d avg,100.92,100.93,contango,16.44,19.27,-2.83,below 20-obs avg,2.69,2.72,cyclicals leading,-1.5,-0.4,-1.1,below 20d avg,0.2837,0.285,fear,44
2026-07-14T18:18:11.085Z,risk-on,5-2,normal,0.36,below 20d avg,100.92,100.93,contango,16.44,19.27,-2.83,below 20-obs avg,2.69,2.72,cyclicals leading,-1.5,-0.4,-1.1,below 20d avg,0.2837,0.285,fear,44
2026-07-14T19:51:27.767Z,risk-on,5-2,normal,0.4,below 20d avg,100.92,100.93,contango,16.47,19.26,-2.79,below 20-obs avg,2.69,2.72,cyclicals leading,-1.6,-0.2,-1.4,below 20d avg,0.2837,0.285,fear,43
2026-07-14T19:51:28.559Z,risk-on,5-2,normal,0.4,below 20d avg,100.92,100.93,contango,16.47,19.26,-2.79,below 20-obs avg,2.69,2.72,cyclicals leading,-1.6,-0.2,-1.4,below 20d avg,0.2837,0.285,fear,43
2026-07-14T20:59:44.732Z,risk-on,4-3,normal,0.4,above 20d avg,100.93,100.93,contango,16.5,19.3,-2.8,below 20-obs avg,2.69,2.72,cyclicals leading,-1.7,-0.3,-1.4,below 20d avg,0.2839,0.2851,fear,43
2026-07-14T20:59:45.722Z,risk-on,4-3,normal,0.4,above 20d avg,100.93,100.93,contango,16.5,19.3,-2.8,below 20-obs avg,2.69,2.72,cyclicals leading,-1.7,-0.3,-1.4,below 20d avg,0.2839,0.2851,fear,43
2026-07-15T12:14:26.305Z,risk-on,4-3,normal,0.4,above 20d avg,100.99,100.94,contango,16.31,18.57,-2.26,below 20-obs avg,2.69,2.72,defensives leading,0.6,-1.1,1.7,above 20d avg,0.286,0.2851,fear,44
2026-07-15T14:14:01.504Z,risk-on,4-2,normal,0.4,below 20d avg,100.8,100.93,contango,16.05,19.13,-3.08,above 20-obs avg,2.72,2.72,cyclicals leading,-1.6,1,-2.6,below 20d avg,0.2831,0.285,neutral,48
2026-07-15T14:14:02.223Z,risk-on,4-2,normal,0.4,below 20d avg,100.8,100.93,contango,16.05,19.13,-3.08,above 20-obs avg,2.72,2.72,cyclicals leading,-1.6,1,-2.6,below 20d avg,0.2831,0.285,neutral,48
2026-07-15T15:53:12.787Z,risk-on,4-2,normal,0.4,below 20d avg,100.73,100.99,contango,16.07,19.21,-3.14,above 20-obs avg,2.72,2.72,cyclicals leading,-0.5,0.8,-1.3,below 20d avg,0.2834,0.2851,neutral,47
2026-07-15T15:53:13.220Z,risk-on,4-2,normal,0.4,below 20d avg,100.73,100.99,contango,16.07,19.21,-3.14,above 20-obs avg,2.72,2.72,cyclicals leading,-0.5,0.8,-1.3,below 20d avg,0.2834,0.2851,neutral,47
2026-07-15T17:16:25.813Z,risk-on,4-2,normal,0.4,below 20d avg,100.62,100.98,contango,16.17,19.23,-3.06,above 20-obs avg,2.72,2.72,cyclicals leading,-0.6,0.9,-1.5,below 20d avg,0.2831,0.2851,neutral,45
2026-07-15T17:16:26.693Z,risk-on,4-2,normal,0.4,below 20d avg,100.62,100.98,contango,16.17,19.23,-3.06,above 20-obs avg,2.72,2.72,cyclicals leading,-0.6,0.9,-1.5,below 20d avg,0.2831,0.2851,neutral,45
2026-07-15T18:37:15.773Z,risk-on,4-2,normal,0.4,below 20d avg,100.39,100.97,contango,15.69,18.9,-3.21,above 20-obs avg,2.72,2.72,cyclicals leading,-0.8,1,-1.8,below 20d avg,0.2825,0.2851,neutral,47
2026-07-15T18:37:16.350Z,risk-on,4-2,normal,0.4,below 20d avg,100.39,100.97,contango,15.69,18.9,-3.21,above 20-obs avg,2.72,2.72,cyclicals leading,-0.8,1,-1.8,below 20d avg,0.2825,0.2851,neutral,47
2026-07-15T19:51:16.596Z,risk-on,4-2,normal,0.42,below 20d avg,100.52,100.98,contango,15.8,18.94,-3.14,above 20-obs avg,2.72,2.72,cyclicals leading,-1.3,1.1,-2.4,below 20d avg,0.2822,0.2851,neutral,45
2026-07-15T19:51:17.087Z,risk-on,4-2,normal,0.42,below 20d avg,100.52,100.98,contango,15.8,18.94,-3.14,above 20-obs avg,2.72,2.72,cyclicals leading,-1.3,1.1,-2.4,below 20d avg,0.2822,0.2851,neutral,45
2026-07-15T20:59:24.396Z,risk-on,4-2,normal,0.42,below 20d avg,100.52,100.98,contango,15.67,18.91,-3.24,above 20-obs avg,2.72,2.72,cyclicals leading,-1.1,1.2,-2.3,below 20d avg,0.2822,0.2851,neutral,46
2026-07-15T20:59:25.081Z,risk-on,4-2,normal,0.42,below 20d avg,100.52,100.98,contango,15.67,18.91,-3.24,above 20-obs avg,2.72,2.72,cyclicals leading,-1.1,1.2,-2.3,below 20d avg,0.2822,0.2851,neutral,46
2026-07-16T12:20:04.864Z,risk-on,4-2,normal,0.42,below 20d avg,100.53,101.03,contango,16.24,18.57,-2.33,above 20-obs avg,2.72,2.72,cyclicals leading,-1.1,1.2,-2.3,below 20d avg,0.2822,0.2851,neutral,47
2026-07-16T14:32:45.152Z,risk-on,5-1,normal,0.42,below 20d avg,100.63,101.03,contango,15.94,19.01,-3.07,below 20-obs avg,2.71,2.72,cyclicals leading,0.3,1.5,-1.2,below 20d avg,0.2843,0.2851,neutral,48
2026-07-16T14:32:46.554Z,risk-on,5-1,normal,0.42,below 20d avg,100.63,101.03,contango,15.94,19.01,-3.07,below 20-obs avg,2.71,2.72,cyclicals leading,0.3,1.5,-1.2,below 20d avg,0.2843,0.2851,neutral,48
2026-07-16T16:03:26.407Z,risk-on,5-1,normal,0.42,below 20d avg,100.67,101.03,contango,16.08,19.09,-3.01,below 20-obs avg,2.71,2.72,cyclicals leading,0.4,1.5,-1.1,below 20d avg,0.2847,0.2852,neutral,47
2026-07-16T16:03:28.446Z,risk-on,5-1,normal,0.42,below 20d avg,100.67,101.03,contango,16.08,19.09,-3.01,below 20-obs avg,2.71,2.72,cyclicals leading,0.4,1.5,-1.1,below 20d avg,0.2847,0.2852,neutral,47
2026-07-16T17:40:17.410Z,risk-on,5-2,normal,0.42,below 20d avg,100.79,101.04,contango,16.28,19.19,-2.91,below 20-obs avg,2.71,2.72,cyclicals leading,0.2,1.2,-1,below 20d avg,0.2851,0.2852,fear,41
2026-07-16T17:40:18.141Z,risk-on,5-2,normal,0.42,below 20d avg,100.79,101.04,contango,16.28,19.19,-2.91,below 20-obs avg,2.71,2.72,cyclicals leading,0.2,1.2,-1,below 20d avg,0.2851,0.2852,fear,41
2026-07-16T18:47:33.471Z,risk-on,6-1,normal,0.42,below 20d avg,100.78,101.04,contango,16.53,19.36,-2.83,below 20-obs avg,2.71,2.72,cyclicals leading,0.3,1.3,-1.1,above 20d avg,0.2859,0.2852,fear,42
2026-07-16T18:47:34.124Z,risk-on,6-1,normal,0.42,below 20d avg,100.78,101.04,contango,16.53,19.36,-2.83,below 20-obs avg,2.71,2.72,cyclicals leading,0.3,1.3,-1.1,above 20d avg,0.2859,0.2852,fear,42
2026-07-16T20:02:28.263Z,risk-on,6-1,normal,0.41,below 20d avg,100.75,101.04,contango,17.13,19.64,-2.51,below 20-obs avg,2.71,2.72,cyclicals leading,0.8,1.6,-0.8,above 20d avg,0.2865,0.2852,fear,41
2026-07-16T20:02:29.269Z,risk-on,6-1,normal,0.41,below 20d avg,100.75,101.04,contango,17.13,19.64,-2.51,below 20-obs avg,2.71,2.72,cyclicals leading,0.8,1.6,-0.8,above 20d avg,0.2865,0.2852,fear,41
